firm_id,year,y,x1,x2,z,ever_treated,treat,post,gvar,mediator,count_y,running
1,2015,2.2316,0.13,0.0645,0.1433,1,0,0,2018,0.0422,5.2816,-4.275
1,2016,2.3831,0.28,0.1003,0.2044,1,0,0,2018,0.0851,5.4331,-4.175
1,2017,2.59,0.26,0.1362,0.2656,1,0,0,2018,0.0854,5.64,-4.075
1,2018,3.7565,0.41,0.172,0.3267,1,1,0,2018,0.3283,6.8065,-3.975
1,2019,4.1435,0.39,0.2078,0.3878,1,1,1,2018,0.3287,7.1935,-3.875
1,2020,4.5899,0.54,0.2437,0.4489,1,1,1,2018,0.3716,7.6399,-3.775
1,2021,4.9214,0.69,0.2795,0.51,1,1,1,2018,0.4144,7.9714,-3.675
1,2022,5.3083,0.67,0.3153,0.5711,1,1,1,2018,0.4148,8.3583,-3.575
2,2015,2.2988,0.14,0.119,0.2644,1,0,0,2018,0.0529,5.3987,-4.225
2,2016,2.5673,0.29,0.1632,0.3256,1,0,0,2018,0.097,5.6673,-4.125
2,2017,2.6613,0.27,0.2073,0.3867,1,0,0,2018,0.0986,5.7613,-4.025
2,2018,3.8299,0.42,0.2515,0.4478,1,1,0,2018,0.3427,6.9299,-3.925
2,2019,4.2784,0.57,0.2957,0.5089,1,1,1,2018,0.3869,7.3784,-3.825
2,2020,4.6675,0.55,0.3398,0.57,1,1,1,2018,0.3885,7.7675,-3.725
2,2021,5.001,0.7,0.384,0.6311,1,1,1,2018,0.4326,8.101,-3.625
2,2022,5.3492,0.68,0.2648,0.57,1,1,1,2018,0.4097,8.4492,-3.525
3,2015,2.3659,0.15,0.1735,0.3856,1,0,0,2018,0.0635,5.5159,-4.175
3,2016,2.6365,0.3,0.226,0.4467,1,0,0,2018,0.1089,5.7865,-4.075
3,2017,2.9071,0.45,0.2785,0.5078,1,0,0,2018,0.1543,6.0571,-3.975
3,2018,3.9032,0.43,0.331,0.5689,1,1,0,2018,0.3572,7.0533,-3.875
3,2019,4.3539,0.58,0.3835,0.63,1,1,1,2018,0.4025,7.5039,-3.775
3,2020,4.7179,0.56,0.3277,0.6911,1,1,1,2018,0.3891,7.8679,-3.675
3,2021,5.1548,0.71,0.3252,0.63,1,1,1,2018,0.4263,8.3048,-3.575
3,2022,5.4904,0.86,0.3777,0.6911,1,1,1,2018,0.4717,8.6404,-3.475
4,2015,2.4925,0.33,0.228,0.5067,1,0,0,2018,0.1167,5.6925,-4.125
4,2016,2.7057,0.31,0.2888,0.5678,1,0,0,2018,0.1208,5.9057,-4.025
4,2017,2.9784,0.46,0.3497,0.6289,1,0,0,2018,0.1674,6.1784,-3.925
4,2018,3.9766,0.44,0.4105,0.69,1,1,0,2018,0.3716,7.1766,-3.825
4,2019,4.4023,0.59,0.363,0.7511,1,1,1,2018,0.402,7.6023,-3.725
4,2020,4.8412,0.74,0.3688,0.69,1,1,1,2018,0.4403,8.0412,-3.625
4,2021,5.2344,0.72,0.4297,0.7511,1,1,1,2018,0.4445,8.4344,-3.525
4,2022,5.66,0.87,0.3822,0.8122,1,1,1,2018,0.4748,8.86,-3.425
5,2015,2.5596,0.34,0.2825,0.6278,1,0,0,2018,0.1274,5.8096,-4.075
5,2016,2.8344,0.49,0.3517,0.6889,1,0,0,2018,0.1753,6.0844,-3.975
5,2017,3.0497,0.47,0.4208,0.75,1,0,0,2018,0.1806,6.2997,-3.875
5,2018,4.1974,0.62,0.3817,0.8111,1,1,0,2018,0.4123,7.4474,-3.775
5,2019,4.464,0.6,0.3958,0.75,1,1,1,2018,0.4094,7.714,-3.675
5,2020,4.9188,0.75,0.465,0.8111,1,1,1,2018,0.4572,8.1687,-3.575
5,2021,5.287,0.73,0.4258,0.8722,1,1,1,2018,0.4464,8.537,-3.475
5,2022,5.7418,0.88,0.495,0.9333,1,1,1,2018,0.4943,8.9917,-3.375
6,2015,2.6267,0.35,0.337,0.7489,1,0,0,2018,0.1381,5.9267,-4.025
6,2016,2.9036,0.5,0.4145,0.81,1,0,0,2018,0.1872,6.2036,-3.925
6,2017,3.121,0.48,0.492,0.8711,1,0,0,2018,0.1938,6.421,-3.825
6,2018,4.257,0.63,0.4062,0.81,1,1,0,2018,0.4184,7.557,-3.725
6,2019,4.7139,0.78,0.4837,0.8711,1,1,1,2018,0.4676,8.0139,-3.625
6,2020,4.9692,0.76,0.4528,0.9322,1,1,1,2018,0.4579,8.2692,-3.525
6,2021,5.4261,0.91,0.5303,0.9933,1,1,1,2018,0.5071,8.7261,-3.425
6,2022,5.7964,0.89,0.4995,1.0544,1,1,1,2018,0.4974,9.0964,-3.325
7,2015,2.8089,0.36,0.3915,0.87,1,0,0,2018,0.1487,6.1589,-3.975
7,2016,2.9728,0.51,0.4773,0.9311,1,0,0,2018,0.1991,6.3228,-3.875
7,2017,3.211,0.66,0.3998,0.87,1,0,0,2018,0.225,6.561,-3.775
7,2018,4.3304,0.64,0.4857,0.9311,1,1,0,2018,0.4329,7.6804,-3.675
7,2019,4.7623,0.79,0.4632,0.9922,1,1,1,2018,0.467,8.1123,-3.575
7,2020,5.1618,0.77,0.549,1.0533,1,1,1,2018,0.4749,8.5118,-3.475
7,2021,5.4786,0.92,0.5265,1.1144,1,1,1,2018,0.509,8.8286,-3.375
7,2022,5.9376,1.07,0.6123,1.1756,1,1,1,2018,0.5594,9.2876,-3.275
8,2015,2.9355,0.54,0.446,0.9911,1,0,0,2018,0.2019,6.3355,-3.925
8,2016,3.1433,0.52,0.4852,0.93,1,0,0,2018,0.2028,6.5433,-3.825
8,2017,3.2822,0.67,0.471,0.9911,1,0,0,2018,0.2382,6.6822,-3.725
8,2018,4.4038,0.65,0.5652,1.0522,1,1,0,2018,0.4473,7.8038,-3.625
8,2019,4.8377,0.8,0.551,1.1133,1,1,1,2018,0.4827,8.2378,-3.525
8,2020,5.2717,0.95,0.5368,1.1744,1,1,1,2018,0.518,8.6717,-3.425
8,2021,5.6733,0.93,0.631,1.2356,1,1,1,2018,0.5272,9.0732,-3.325
8,2022,5.9922,1.08,0.6168,1.2967,1,1,1,2018,0.5625,9.3922,-3.225
9,2015,2.9889,0.55,0.4455,0.99,1,0,0,2018,0.2043,6.4389,-3.875
9,2016,3.2125,0.53,0.548,1.0511,1,0,0,2018,0.2147,6.6625,-3.775
9,2017,3.4685,0.68,0.5422,1.1122,1,0,0,2018,0.2513,6.9185,-3.675
9,2018,4.5096,0.83,0.5363,1.1733,1,1,0,2018,0.4879,7.9596,-3.575
9,2019,4.9132,0.81,0.6388,1.2344,1,1,1,2018,0.4983,8.3632,-3.475
9,2020,5.3492,0.96,0.633,1.2956,1,1,1,2018,0.535,8.7992,-3.375
9,2021,5.7258,0.94,0.6272,1.3567,1,1,1,2018,0.5291,9.1758,-3.275
9,2022,6.0739,1.09,0.7297,1.4178,1,1,1,2018,0.5819,9.5239,-3.175
10,2015,3.056,0.56,0.5,1.1111,1,0,0,2018,0.215,6.556,-3.825
10,2016,3.3412,0.71,0.6108,1.1722,1,0,0,2018,0.2691,6.8412,-3.725
10,2017,3.5398,0.69,0.6133,1.2333,1,0,0,2018,0.2645,7.0398,-3.625
10,2018,4.698,0.84,0.6158,1.2944,1,1,0,2018,0.5024,8.198,-3.525
10,2019,4.9616,0.82,0.6183,1.3556,1,1,1,2018,0.4978,8.4616,-3.425
10,2020,5.4268,0.97,0.7292,1.4167,1,1,1,2018,0.5519,8.9268,-3.325
10,2021,5.8649,1.12,0.7317,1.4778,1,1,1,2018,0.5897,9.3649,-3.225
10,2022,6.2435,1.1,0.7342,1.5389,1,1,1,2018,0.5851,9.7435,-3.125
11,2015,3.1231,0.57,0.5545,1.2322,1,0,0,2018,0.2257,6.6731,-3.775
11,2016,3.4104,0.72,0.6737,1.2933,1,0,0,2018,0.2811,6.9604,-3.675
11,2017,3.6706,0.87,0.6845,1.3544,1,0,0,2018,0.3202,7.2206,-3.575
11,2018,4.7713,0.85,0.6953,1.4156,1,1,0,2018,0.5168,8.3213,-3.475
11,2019,5.0965,1.0,0.7062,1.4767,1,1,1,2018,0.5559,8.6465,-3.375
11,2020,5.4772,0.98,0.717,1.5378,1,1,1,2018,0.5526,9.0273,-3.275
11,2021,5.9175,1.13,0.7278,1.5989,1,1,1,2018,0.5917,9.4675,-3.175
11,2022,6.3253,1.11,0.847,1.66,1,1,1,2018,0.6046,9.8753,-3.075
12,2015,3.3647,0.75,0.609,1.3533,1,0,0,2018,0.2789,6.9648,-3.725
12,2016,3.4796,0.73,0.7365,1.4144,1,0,0,2018,0.293,7.0796,-3.625
12,2017,3.7419,0.88,0.7557,1.4756,1,0,0,2018,0.3334,7.3419,-3.525
12,2018,4.8447,0.86,0.7748,1.5367,1,1,0,2018,0.5312,8.4447,-3.425
12,2019,5.287,1.01,0.794,1.5978,1,1,1,2018,0.5716,8.887,-3.325
12,2020,5.6143,1.16,0.8132,1.6589,1,1,1,2018,0.612,9.2143,-3.225
12,2021,5.9971,1.14,0.8323,1.72,1,1,1,2018,0.6099,9.5971,-3.125
12,2022,6.4394,1.29,0.8515,1.7811,1,1,1,2018,0.6502,10.0394,-3.025
13,2015,3.4319,0.76,0.6635,1.4744,1,0,0,2018,0.2895,7.0819,-3.675
13,2016,3.5218,0.74,0.691,1.5356,1,0,0,2018,0.2887,7.1718,-3.575
13,2017,3.7861,0.89,0.7185,1.5967,1,0,0,2018,0.3303,7.4361,-3.475
13,2018,4.9505,1.04,0.746,1.6578,1,1,0,2018,0.5719,8.6005,-3.375
13,2019,5.3354,1.02,0.7735,1.7189,1,1,1,2018,0.571,8.9854,-3.275
13,2020,5.7797,1.17,0.801,1.78,1,1,1,2018,0.6126,9.4298,-3.175
13,2021,6.0496,1.15,0.8285,1.8411,1,1,1,2018,0.6118,9.6996,-3.075
13,2022,6.4802,1.3,0.801,1.78,1,1,1,2018,0.6452,10.1303,-2.975
14,2015,3.499,0.77,0.718,1.5956,1,0,0,2018,0.3002,7.199,-3.625
14,2016,3.7655,0.92,0.7538,1.6567,1,0,0,2018,0.3431,7.4655,-3.525
14,2017,3.8574,0.9,0.7897,1.7178,1,0,0,2018,0.3435,7.5574,-3.425
14,2018,5.0239,1.05,0.8255,1.7789,1,1,0,2018,0.5863,8.7239,-3.325
14,2019,5.4108,1.03,0.8613,1.84,1,1,1,2018,0.5867,9.1108,-3.225
14,2020,5.8573,1.18,0.8972,1.9011,1,1,1,2018,0.6296,9.5573,-3.125
14,2021,6.29,1.33,0.878,1.84,1,1,1,2018,0.6642,9.99,-3.025
14,2022,6.562,1.31,0.9138,1.9011,1,1,1,2018,0.6646,10.262,-2.925
15,2015,3.5661,0.78,0.7725,1.7167,1,0,0,2018,0.3109,7.3161,-3.575
15,2016,3.8347,0.93,0.8167,1.7778,1,0,0,2018,0.355,7.5847,-3.475
15,2017,4.0437,0.91,0.8608,1.8389,1,0,0,2018,0.3566,7.7937,-3.375
15,2018,5.0972,1.06,0.905,1.9,1,1,0,2018,0.6008,8.8472,-3.275
15,2019,5.5458,1.21,0.9492,1.9611,1,1,1,2018,0.6449,9.2958,-3.175
15,2020,5.9211,1.19,0.9383,1.9,1,1,1,2018,0.6382,9.6711,-3.075
15,2021,6.3696,1.34,0.9825,1.9611,1,1,1,2018,0.6824,10.1196,-2.975
15,2022,6.7316,1.32,0.9183,2.0222,1,1,1,2018,0.6678,10.4816,-2.875
16,2015,3.6927,0.96,0.827,1.8378,1,0,0,2018,0.364,7.4928,-3.525
16,2016,3.9039,0.94,0.8795,1.8989,1,0,0,2018,0.3669,7.7039,-3.425
16,2017,4.1745,1.09,0.932,1.96,1,0,0,2018,0.4123,7.9745,-3.325
16,2018,5.2856,1.07,0.9845,2.0211,1,1,0,2018,0.6152,9.0856,-3.225
16,2019,5.6075,1.22,0.982,1.96,1,1,1,2018,0.6523,9.4075,-3.125
16,2020,5.9715,1.2,0.9262,2.0211,1,1,1,2018,0.6389,9.7715,-3.025
16,2021,6.4222,1.35,0.9787,2.0822,1,1,1,2018,0.6843,10.2222,-2.925
16,2022,6.8728,1.5,1.0312,2.1433,1,1,1,2018,0.7297,10.6728,-2.825
17,2015,3.7599,0.97,0.8815,1.9589,1,0,0,2018,0.3747,7.6099,-3.475
17,2016,3.9731,0.95,0.9423,2.02,1,0,0,2018,0.3789,7.8231,-3.375
17,2017,4.2458,1.1,1.0032,2.0811,1,0,0,2018,0.4255,8.0958,-3.275
17,2018,5.4048,1.25,1.009,2.02,1,1,0,2018,0.6639,9.2547,-3.175
17,2019,5.7709,1.23,0.9615,2.0811,1,1,1,2018,0.6517,9.6209,-3.075
17,2020,6.1086,1.38,1.0223,2.1422,1,1,1,2018,0.6984,9.9586,-2.975
17,2021,6.5018,1.36,1.0832,2.2033,1,1,1,2018,0.7025,10.3518,-2.875
17,2022,6.9274,1.51,1.0357,2.2644,1,1,1,2018,0.7329,10.7774,-2.775
18,2015,3.942,0.98,0.936,2.08,1,0,0,2018,0.3854,7.842,-3.425
18,2016,4.1018,1.13,1.0052,2.1411,1,0,0,2018,0.4333,8.0018,-3.325
18,2017,4.3033,1.11,1.0193,2.08,1,0,0,2018,0.4304,8.2033,-3.225
18,2018,5.451,1.26,0.9802,2.1411,1,1,0,2018,0.662,9.351,-3.125
18,2019,5.8463,1.24,1.0493,2.2022,1,1,1,2018,0.6674,9.7463,-3.025
18,2020,6.1861,1.39,1.1185,2.2633,1,1,1,2018,0.7153,10.0861,-2.925
18,2021,6.6138,1.54,1.0793,2.3244,1,1,1,2018,0.7469,10.5138,-2.825
18,2022,7.0091,1.52,1.1485,2.3856,1,1,1,2018,0.7523,10.9091,-2.725
19,2015,4.0091,0.99,0.9905,2.2011,1,0,0,2018,0.3961,7.9591,-3.375
19,2016,4.2723,1.14,1.013,2.14,1,0,0,2018,0.437,8.2223,-3.275
19,2017,4.3746,1.12,1.0905,2.2011,1,0,0,2018,0.4436,8.3246,-3.175
19,2018,5.5244,1.27,1.0597,2.2622,1,1,0,2018,0.6764,9.4744,-3.075
19,2019,5.9813,1.42,1.1372,2.3233,1,1,1,2018,0.7256,9.9313,-2.975
19,2020,6.3516,1.4,1.1063,2.3844,1,1,1,2018,0.716,10.3016,-2.875
19,2021,6.6935,1.55,1.1838,2.4456,1,1,1,2018,0.7651,10.6435,-2.775
19,2022,7.0637,1.53,1.153,2.5067,1,1,1,2018,0.7554,11.0137,-2.675
20,2015,4.0625,1.0,0.99,2.2,1,0,0,2018,0.3985,8.0625,-3.325
20,2016,4.3415,1.15,1.0758,2.2611,1,0,0,2018,0.4489,8.3415,-3.225
20,2017,4.4783,1.3,1.0533,2.3222,1,0,0,2018,0.483,8.4783,-3.125
20,2018,5.5978,1.28,1.1392,2.3833,1,1,0,2018,0.6909,9.5978,-3.025
20,2019,6.0297,1.43,1.1167,2.4444,1,1,1,2018,0.725,10.0297,-2.925
20,2020,6.4291,1.41,1.2025,2.5056,1,1,1,2018,0.7329,10.4291,-2.825
20,2021,6.861,1.56,1.18,2.5667,1,1,1,2018,0.767,10.861,-2.725
20,2022,7.205,1.71,1.2658,2.6278,1,1,1,2018,0.8174,11.205,-2.625
21,2015,4.1891,1.18,1.0445,2.3211,1,0,0,2018,0.4517,8.2391,-3.275
21,2016,4.4107,1.16,1.1387,2.3822,1,0,0,2018,0.4608,8.4607,-3.175
21,2017,4.6646,1.31,1.1245,2.4433,1,0,0,2018,0.4962,8.7146,-3.075
21,2018,5.6712,1.29,1.2187,2.5044,1,1,0,2018,0.7053,9.7212,-2.975
21,2019,6.1051,1.44,1.2045,2.5656,1,1,1,2018,0.7407,10.1551,-2.875
21,2020,6.5391,1.59,1.1903,2.6267,1,1,1,2018,0.7761,10.5891,-2.775
21,2021,6.9406,1.57,1.2845,2.6878,1,1,1,2018,0.7852,10.9906,-2.675
21,2022,7.3746,1.72,1.2703,2.7489,1,1,1,2018,0.8206,11.4246,-2.575
22,2015,4.2563,1.19,1.099,2.4422,1,0,0,2018,0.4624,8.3563,-3.225
22,2016,4.5394,1.34,1.2015,2.5033,1,0,0,2018,0.5152,8.6394,-3.125
22,2017,4.7359,1.32,1.1957,2.5644,1,0,0,2018,0.5093,8.8359,-3.025
22,2018,5.892,1.47,1.1898,2.6256,1,1,0,2018,0.746,9.992,-2.925
22,2019,6.1806,1.45,1.2923,2.6867,1,1,1,2018,0.7564,10.2806,-2.825
22,2020,6.6166,1.6,1.2865,2.7478,1,1,1,2018,0.793,10.7166,-2.725
22,2021,6.9932,1.58,1.2807,2.8089,1,1,1,2018,0.7871,11.0932,-2.625
22,2022,7.4563,1.73,1.3832,2.87,1,1,1,2018,0.84,11.5563,-2.525
23,2015,4.3234,1.2,1.1535,2.5633,1,0,0,2018,0.473,8.4734,-3.175
23,2016,4.6086,1.35,1.2643,2.6244,1,0,0,2018,0.5272,8.7586,-3.075
23,2017,4.8072,1.33,1.2668,2.6856,1,0,0,2018,0.5225,8.9572,-2.975
23,2018,5.9653,1.48,1.2693,2.7467,1,1,0,2018,0.7604,10.1153,-2.875
23,2019,6.4035,1.63,1.2718,2.8078,1,1,1,2018,0.7983,10.5535,-2.775
23,2020,6.6942,1.61,1.3827,2.8689,1,1,1,2018,0.8099,10.8442,-2.675
23,2021,7.1323,1.76,1.3852,2.93,1,1,1,2018,0.8478,11.2823,-2.575
23,2022,7.5109,1.74,1.3877,2.9911,1,1,1,2018,0.8432,11.6609,-2.475
24,2015,4.5055,1.21,1.208,2.6844,1,0,0,2018,0.4837,8.7055,-3.125
24,2016,4.6778,1.36,1.3272,2.7456,1,0,0,2018,0.5391,8.8778,-3.025
24,2017,4.938,1.51,1.338,2.8067,1,0,0,2018,0.5782,9.138,-2.925
24,2018,6.0387,1.49,1.3488,2.8678,1,1,0,2018,0.7748,10.2387,-2.825
24,2019,6.4789,1.64,1.3597,2.9289,1,1,1,2018,0.814,10.6789,-2.725
24,2020,6.8596,1.62,1.3705,2.99,1,1,1,2018,0.8106,11.0596,-2.625
24,2021,7.1848,1.77,1.3813,3.0511,1,1,1,2018,0.8497,11.3848,-2.525
24,2022,7.6384,1.92,1.4455,2.99,1,1,1,2018,0.8968,11.8384,-2.425
25,2015,4.6321,1.39,1.2625,2.8056,1,0,0,2018,0.5369,8.8821,-3.075
25,2016,4.862,1.37,1.39,2.8667,1,0,0,2018,0.551,9.112,-2.975
25,2017,5.0093,1.52,1.4092,2.9278,1,0,0,2018,0.5914,9.2593,-2.875
25,2018,6.1121,1.5,1.4283,2.9889,1,1,0,2018,0.7893,10.3621,-2.775
25,2019,6.5544,1.65,1.4475,3.05,1,1,1,2018,0.8296,10.8044,-2.675
25,2020,6.9967,1.8,1.4667,3.1111,1,1,1,2018,0.87,11.2467,-2.575
25,2021,7.2507,1.78,1.4308,3.05,1,1,1,2018,0.8596,11.5007,-2.475
25,2022,7.693,1.93,1.45,3.1111,1,1,1,2018,0.9,11.943,-2.375
26,2015,4.6993,1.4,1.317,2.9267,1,0,0,2018,0.5476,8.9992,-3.025
26,2016,4.9041,1.38,1.3445,2.9878,1,0,0,2018,0.5467,9.2041,-2.925
26,2017,5.1685,1.53,1.372,3.0489,1,0,0,2018,0.5883,9.4685,-2.825
26,2018,6.2179,1.68,1.3995,3.11,1,1,0,2018,0.8299,10.5179,-2.725
26,2019,6.6028,1.66,1.427,3.1711,1,1,1,2018,0.8291,10.9028,-2.625
26,2020,7.0334,1.81,1.3995,3.11,1,1,1,2018,0.8624,11.3334,-2.525
26,2021,7.4182,1.79,1.427,3.1711,1,1,1,2018,0.8616,11.7183,-2.425
26,2022,7.7476,1.94,1.4545,3.2322,1,1,1,2018,0.9032,12.0476,-2.325
27,2015,4.7664,1.41,1.3715,3.0478,1,0,0,2018,0.5582,9.1164,-2.975
27,2016,5.0328,1.56,1.4073,3.1089,1,0,0,2018,0.6011,9.3828,-2.875
27,2017,5.2398,1.54,1.4432,3.17,1,0,0,2018,0.6015,9.5898,-2.775
27,2018,6.2912,1.69,1.479,3.2311,1,1,0,2018,0.8444,10.6412,-2.675
27,2019,6.6645,1.67,1.4598,3.17,1,1,1,2018,0.8365,11.0145,-2.575
27,2020,7.1109,1.82,1.4957,3.2311,1,1,1,2018,0.8794,11.4609,-2.475
27,2021,7.5574,1.97,1.5315,3.2922,1,1,1,2018,0.9222,11.9074,-2.375
27,2022,7.9443,1.95,1.5673,3.3533,1,1,1,2018,0.9226,12.2943,-2.275
28,2015,4.8335,1.42,1.426,3.1689,1,0,0,2018,0.5689,9.2335,-2.925
28,2016,5.102,1.57,1.4702,3.23,1,0,0,2018,0.613,9.502,-2.825
28,2017,5.3706,1.72,1.5143,3.2911,1,0,0,2018,0.6572,9.7706,-2.725
28,2018,6.4659,1.7,1.5035,3.23,1,1,0,2018,0.8505,10.8659,-2.625
28,2019,6.7994,1.85,1.5477,3.2911,1,1,1,2018,0.8946,11.1994,-2.525
28,2020,7.1885,1.83,1.5918,3.3522,1,1,1,2018,0.8963,11.5885,-2.425
28,2021,7.637,1.98,1.636,3.4133,1,1,1,2018,0.9404,12.037,-2.325
28,2022,7.999,1.96,1.5718,3.4744,1,1,1,2018,0.9258,12.399,-2.225
29,2015,4.9601,1.6,1.4805,3.29,1,0,0,2018,0.6221,9.4101,-2.875
29,2016,5.1713,1.58,1.533,3.3511,1,0,0,2018,0.625,9.6212,-2.775
29,2017,5.4281,1.73,1.5305,3.29,1,0,0,2018,0.6621,9.8781,-2.675
29,2018,6.5393,1.71,1.583,3.3511,1,1,0,2018,0.865,10.9892,-2.575
29,2019,6.9899,1.86,1.6355,3.4122,1,1,1,2018,0.9103,11.4399,-2.475
29,2020,7.2984,2.01,1.5797,3.4733,1,1,1,2018,0.9395,11.7484,-2.375
29,2021,7.6895,1.99,1.6322,3.5344,1,1,1,2018,0.9423,12.1395,-2.275
29,2022,8.1402,2.14,1.6847,3.5956,1,1,1,2018,0.9877,12.5902,-2.175
30,2015,5.1422,1.61,1.535,3.4111,1,0,0,2018,0.6328,9.6423,-2.825
30,2016,5.2267,1.59,1.5408,3.35,1,0,0,2018,0.6286,9.7267,-2.725
30,2017,5.4994,1.74,1.6017,3.4111,1,0,0,2018,0.6752,9.9994,-2.625
30,2018,6.6721,1.89,1.6625,3.4722,1,1,0,2018,0.9219,11.1721,-2.525
30,2019,7.0382,1.87,1.615,3.5333,1,1,1,2018,0.9098,11.5382,-2.425
30,2020,7.491,2.02,1.6758,3.5944,1,1,1,2018,0.9564,11.991,-2.325
30,2021,7.7692,2.0,1.7367,3.6556,1,1,1,2018,0.9605,12.2692,-2.225
30,2022,8.1948,2.15,1.6892,3.7167,1,1,1,2018,0.9909,12.6948,-2.125
31,2015,5.1956,1.62,1.5345,3.41,1,0,0,2018,0.6352,9.7456,-2.775
31,2016,5.4704,1.77,1.6037,3.4711,1,0,0,2018,0.6831,10.0204,-2.675
31,2017,5.5707,1.75,1.6728,3.5322,1,0,0,2018,0.6884,10.1207,-2.575
31,2018,6.7184,1.9,1.6337,3.5933,1,1,0,2018,0.9201,11.2684,-2.475
31,2019,7.1137,1.88,1.7028,3.6544,1,1,1,2018,0.9254,11.6637,-2.375
31,2020,7.5685,2.03,1.772,3.7156,1,1,1,2018,0.9733,12.1185,-2.275
31,2021,7.9962,2.18,1.7328,3.7767,1,1,1,2018,1.0049,12.5462,-2.175
31,2022,8.2765,2.16,1.802,3.8378,1,1,1,2018,1.0103,12.8265,-2.075
32,2015,5.2627,1.63,1.589,3.5311,1,0,0,2018,0.6459,9.8628,-2.725
32,2016,5.5396,1.78,1.6665,3.5922,1,0,0,2018,0.695,10.1396,-2.625
32,2017,5.757,1.76,1.744,3.6533,1,0,0,2018,0.7016,10.357,-2.525
32,2018,6.7918,1.91,1.7132,3.7144,1,1,0,2018,0.9345,11.3918,-2.425
32,2019,7.2487,2.06,1.7907,3.7756,1,1,1,2018,0.9836,11.8487,-2.325
32,2020,7.619,2.04,1.7598,3.8367,1,1,1,2018,0.974,12.219,-2.225
32,2021,8.0758,2.19,1.8373,3.8978,1,1,1,2018,1.0231,12.6758,-2.125
32,2022,8.3311,2.17,1.8065,3.9589,1,1,1,2018,1.0135,12.9311,-2.025
33,2015,5.3894,1.81,1.6435,3.6522,1,0,0,2018,0.699,10.0394,-2.675
33,2016,5.6088,1.79,1.7293,3.7133,1,0,0,2018,0.7069,10.2588,-2.575
33,2017,5.8607,1.94,1.7068,3.7744,1,0,0,2018,0.741,10.5107,-2.475
33,2018,6.9802,1.92,1.7927,3.8356,1,1,0,2018,0.9489,11.6302,-2.375
33,2019,7.297,2.07,1.7702,3.8967,1,1,1,2018,0.983,11.947,-2.275
33,2020,7.6965,2.05,1.856,3.9578,1,1,1,2018,0.9909,12.3465,-2.175
33,2021,8.1284,2.2,1.8335,4.0189,1,1,1,2018,1.025,12.7784,-2.075
33,2022,8.5873,2.35,1.9193,4.08,1,1,1,2018,1.0754,13.2373,-1.975
34,2015,5.4565,1.82,1.698,3.7733,1,0,0,2018,0.7097,10.1565,-2.625
34,2016,5.678,1.8,1.7922,3.8344,1,0,0,2018,0.7188,10.378,-2.525
34,2017,5.932,1.95,1.778,3.8956,1,0,0,2018,0.7542,10.632,-2.425
34,2018,7.113,2.1,1.8722,3.9567,1,1,0,2018,1.0058,11.813,-2.325
34,2019,7.3725,2.08,1.858,4.0178,1,1,1,2018,0.9987,12.0725,-2.225
34,2020,7.8065,2.23,1.8438,4.0789,1,1,1,2018,1.0341,12.5065,-2.125
34,2021,8.208,2.21,1.938,4.14,1,1,1,2018,1.0432,12.908,-2.025
34,2022,8.642,2.36,1.9238,4.2011,1,1,1,2018,1.0786,13.342,-1.925
35,2015,5.6386,1.83,1.7525,3.8944,1,0,0,2018,0.7204,10.3886,-2.575
35,2016,5.8067,1.98,1.855,3.9556,1,0,0,2018,0.7732,10.5567,-2.475
35,2017,6.0033,1.96,1.8492,4.0167,1,0,0,2018,0.7674,10.7533,-2.375
35,2018,7.1593,2.11,1.8433,4.0778,1,1,0,2018,1.004,11.9093,-2.275
35,2019,7.563,2.09,1.9458,4.1389,1,1,1,2018,1.0144,12.313,-2.175
35,2020,7.884,2.24,1.94,4.2,1,1,1,2018,1.051,12.634,-2.075
35,2021,8.32,2.39,1.9342,4.2611,1,1,1,2018,1.0876,13.07,-1.975
35,2022,8.7099,2.37,1.9817,4.2,1,1,1,2018,1.0897,13.4599,-1.875
36,2015,5.7058,1.84,1.807,4.0156,1,0,0,2018,0.731,10.5058,-2.525
36,2016,5.876,1.99,1.9178,4.0767,1,0,0,2018,0.7852,10.676,-2.425
36,2017,6.0746,1.97,1.9203,4.1378,1,0,0,2018,0.7805,10.8746,-2.325
36,2018,7.2327,2.12,1.9228,4.1989,1,1,0,2018,1.0184,12.0327,-2.225
36,2019,7.6708,2.27,1.9253,4.26,1,1,1,2018,1.0563,12.4708,-2.125
36,2020,8.0765,2.25,2.0362,4.3211,1,1,1,2018,1.0679,12.8765,-2.025
36,2021,8.3859,2.4,1.9837,4.26,1,1,1,2018,1.0976,13.1859,-1.925
36,2022,8.7645,2.38,1.9862,4.3211,1,1,1,2018,1.0929,13.5645,-1.825
37,2015,5.7729,1.85,1.8615,4.1367,1,0,0,2018,0.7417,10.6229,-2.475
37,2016,6.0602,2.0,1.9807,4.1978,1,0,0,2018,0.7971,10.9102,-2.375
37,2017,6.2054,2.15,1.9915,4.2589,1,0,0,2018,0.8362,11.0554,-2.275
37,2018,7.3061,2.13,2.0023,4.32,1,1,0,2018,1.0329,12.1561,-2.175
37,2019,7.7463,2.28,2.0132,4.3811,1,1,1,2018,1.072,12.5963,-2.075
37,2020,8.1133,2.26,1.969,4.32,1,1,1,2018,1.0603,12.9633,-1.975
37,2021,8.5535,2.41,1.9798,4.3811,1,1,1,2018,1.0995,13.4035,-1.875
37,2022,8.9058,2.56,2.099,4.4422,1,1,1,2018,1.1548,13.7558,-1.775
38,2015,5.8995,2.03,1.916,4.2578,1,0,0,2018,0.7949,10.7995,-2.425
38,2016,6.1294,2.01,2.0435,4.3189,1,0,0,2018,0.809,11.0294,-2.325
38,2017,6.3917,2.16,2.0627,4.38,1,0,0,2018,0.8494,11.2917,-2.225
38,2018,7.3795,2.14,2.0818,4.4411,1,1,0,2018,1.0473,12.2795,-2.125
38,2019,7.808,2.29,2.046,4.38,1,1,1,2018,1.0794,12.708,-2.025
38,2020,8.2503,2.44,2.0652,4.4411,1,1,1,2018,1.1198,13.1503,-1.925
38,2021,8.6331,2.42,2.0843,4.5022,1,1,1,2018,1.1176,13.5331,-1.825
38,2022,9.0754,2.57,2.1035,4.5633,1,1,1,2018,1.158,13.9754,-1.725
39,2015,5.9666,2.04,1.9705,4.3789,1,0,0,2018,0.8056,10.9166,-2.375
39,2016,6.231,2.19,1.998,4.44,1,0,0,2018,0.8472,11.181,-2.275
39,2017,6.4359,2.17,2.0255,4.5011,1,0,0,2018,0.8463,11.3859,-2.175
39,2018,7.5865,2.32,1.998,4.44,1,1,0,2018,1.0797,12.5365,-2.075
39,2019,7.8564,2.3,2.0255,4.5011,1,1,1,2018,1.0788,12.8064,-1.975
39,2020,8.3008,2.45,2.053,4.5622,1,1,1,2018,1.1204,13.2508,-1.875
39,2021,8.6856,2.43,2.0805,4.6233,1,1,1,2018,1.1196,13.6356,-1.775
39,2022,9.13,2.58,2.108,4.6844,1,1,1,2018,1.1612,14.08,-1.675
40,2015,6.0338,2.05,2.025,4.5,1,0,0,2018,0.8162,11.0338,-2.325
40,2016,6.3002,2.2,2.0608,4.5611,1,0,0,2018,0.8591,11.3002,-2.225
40,2017,6.4934,2.18,2.0417,4.5,1,0,0,2018,0.8513,11.4934,-2.125
40,2018,7.6599,2.33,2.0775,4.5611,1,1,0,2018,1.0941,12.6599,-2.025
40,2019,8.1063,2.48,2.1133,4.6222,1,1,1,2018,1.137,13.1063,-1.925
40,2020,8.3783,2.46,2.1492,4.6833,1,1,1,2018,1.1374,13.3783,-1.825
40,2021,8.8247,2.61,2.185,4.7444,1,1,1,2018,1.1803,13.8247,-1.725
40,2022,9.2117,2.59,2.2208,4.8056,1,1,1,2018,1.1806,14.2117,-1.625
41,2015,6.2159,2.06,2.0795,4.6211,1,0,0,2019,0.8269,11.2659,-2.275
41,2016,6.3557,2.21,2.0687,4.56,1,0,0,2019,0.8628,11.4057,-2.175
41,2017,6.6242,2.36,2.1128,4.6211,1,0,0,2019,0.9069,11.6742,-2.075
41,2018,6.8333,2.34,2.157,4.6822,1,0,0,2019,0.9085,11.8833,-1.975
41,2019,8.0018,2.49,2.2012,4.7433,1,1,1,2019,1.1527,13.0518,-1.875
41,2020,8.2758,2.47,2.2453,4.8044,1,1,1,2019,1.1543,13.3258,-1.775
41,2021,8.7244,2.62,2.2895,4.8656,1,1,1,2019,1.1984,13.7744,-1.675
41,2022,9.1458,2.77,2.2253,4.9267,1,1,1,2019,1.2263,14.1958,-1.575
42,2015,6.3288,2.24,2.079,4.62,1,0,0,2019,0.8719,11.4287,-2.225
42,2016,6.5399,2.22,2.1315,4.6811,1,0,0,2019,0.8747,11.6399,-2.125
42,2017,6.6955,2.37,2.184,4.7422,1,0,0,2019,0.9201,11.7955,-2.025
42,2018,6.9066,2.35,2.2365,4.8033,1,0,0,2019,0.923,12.0066,-1.925
42,2019,8.0773,2.5,2.289,4.8644,1,1,1,2019,1.1683,13.1773,-1.825
42,2020,8.5008,2.65,2.2332,4.9256,1,1,1,2019,1.1975,13.6008,-1.725
42,2021,8.7769,2.63,2.2857,4.9867,1,1,1,2019,1.2003,13.8769,-1.625
42,2022,9.2275,2.78,2.3382,5.0478,1,1,1,2019,1.2457,14.3275,-1.525
43,2015,6.3959,2.25,2.1335,4.7411,1,0,0,2019,0.8825,11.5459,-2.175
43,2016,6.6091,2.23,2.1943,4.8022,1,0,0,2019,0.8866,11.7591,-2.075
43,2017,6.7668,2.38,2.2552,4.8633,1,0,0,2019,0.9333,11.9168,-1.975
43,2018,7.0395,2.53,2.316,4.9244,1,0,0,2019,0.9799,12.1895,-1.875
43,2019,8.1256,2.51,2.2685,4.9856,1,1,1,2019,1.1678,13.2756,-1.775
43,2020,8.5783,2.66,2.3293,5.0467,1,1,1,2019,1.2144,13.7283,-1.675
43,2021,8.9715,2.64,2.3902,5.1078,1,1,1,2019,1.2185,14.1215,-1.575
43,2022,9.2822,2.79,2.3427,5.1689,1,1,1,2019,1.2489,14.4322,-1.475
44,2015,6.463,2.26,2.188,4.8622,1,0,0,2019,0.8932,11.663,-2.125
44,2016,6.7378,2.41,2.2572,4.9233,1,0,0,2019,0.9411,11.9378,-2.025
44,2017,6.9531,2.39,2.3263,4.9844,1,0,0,2019,0.9465,12.1531,-1.925
44,2018,7.0858,2.54,2.2872,5.0456,1,0,0,2019,0.9781,12.2858,-1.825
44,2019,8.2011,2.52,2.3563,5.1067,1,1,1,2019,1.1834,13.4011,-1.725
44,2020,8.6559,2.67,2.4255,5.1678,1,1,1,2019,1.2313,13.8559,-1.625
44,2021,9.0836,2.82,2.3863,5.2289,1,1,1,2019,1.263,14.2836,-1.525
44,2022,9.4789,2.8,2.4555,5.29,1,1,1,2019,1.2683,14.6789,-1.425
45,2015,6.5301,2.27,2.2425,4.9833,1,0,0,2019,0.9039,11.7801,-2.075
45,2016,6.807,2.42,2.32,5.0444,1,0,0,2019,0.953,12.057,-1.975
45,2017,7.0839,2.57,2.3975,5.1056,1,0,0,2019,1.0021,12.3339,-1.875
45,2018,7.2742,2.55,2.3667,5.1667,1,0,0,2019,0.9925,12.5242,-1.775
45,2019,8.336,2.7,2.4442,5.2278,1,1,1,2019,1.2416,13.586,-1.675
45,2020,8.7063,2.68,2.4133,5.2889,1,1,1,2019,1.232,13.9563,-1.575
45,2021,9.1632,2.83,2.4908,5.35,1,1,1,2019,1.2811,14.4132,-1.475
45,2022,9.5335,2.81,2.46,5.4111,1,1,1,2019,1.2715,14.7835,-1.375
46,2015,6.6568,2.45,2.297,5.1044,1,0,0,2019,0.957,11.9568,-2.025
46,2016,6.8762,2.43,2.3828,5.1656,1,0,0,2019,0.9649,12.1762,-1.925
46,2017,7.1281,2.58,2.3603,5.2267,1,0,0,2019,0.999,12.4281,-1.825
46,2018,7.3475,2.56,2.4462,5.2878,1,0,0,2019,1.0069,12.6475,-1.725
46,2019,8.4994,2.71,2.4237,5.3489,1,1,1,2019,1.241,13.7994,-1.625
46,2020,8.8434,2.86,2.5095,5.41,1,1,1,2019,1.2914,14.1434,-1.525
46,2021,9.2157,2.84,2.487,5.4711,1,1,1,2019,1.2831,14.5158,-1.425
46,2022,9.661,2.99,2.5178,5.41,1,1,1,2019,1.3252,14.961,-1.325
47,2015,6.8389,2.46,2.3515,5.2256,1,0,0,2019,0.9677,12.1889,-1.975
47,2016,6.9454,2.44,2.4457,5.2867,1,0,0,2019,0.9768,12.2954,-1.875
47,2017,7.1994,2.59,2.4315,5.3478,1,0,0,2019,1.0122,12.5494,-1.775
47,2018,7.4804,2.74,2.5257,5.4089,1,0,0,2019,1.0638,12.8304,-1.675
47,2019,8.5749,2.72,2.5115,5.47,1,1,1,2019,1.2567,13.9249,-1.575
47,2020,9.0088,2.87,2.4973,5.5311,1,1,1,2019,1.2921,14.3588,-1.475
47,2021,9.2816,2.85,2.5365,5.47,1,1,1,2019,1.293,14.6316,-1.375
47,2022,9.7156,3.0,2.5223,5.5311,1,1,1,2019,1.3283,15.0656,-1.275
48,2015,6.906,2.47,2.406,5.3467,1,0,0,2019,0.9784,12.306,-1.925
48,2016,7.1891,2.62,2.5085,5.4078,1,0,0,2019,1.0313,12.5891,-1.825
48,2017,7.2707,2.6,2.5027,5.4689,1,0,0,2019,1.0254,12.6707,-1.725
48,2018,7.5267,2.75,2.4968,5.53,1,0,0,2019,1.062,12.9267,-1.625
48,2019,8.6503,2.73,2.5993,5.5911,1,1,1,2019,1.2724,14.0503,-1.525
48,2020,9.0726,2.88,2.5385,5.53,1,1,1,2019,1.3008,14.4726,-1.425
48,2021,9.3937,3.03,2.5327,5.5911,1,1,1,2019,1.3374,14.7937,-1.325
48,2022,9.7973,3.01,2.6352,5.6522,1,1,1,2019,1.3478,15.1973,-1.225
49,2015,6.9731,2.48,2.4605,5.4678,1,0,0,2019,0.9891,12.4231,-1.875
49,2016,7.2583,2.63,2.5713,5.5289,1,0,0,2019,1.0432,12.7083,-1.775
49,2017,7.457,2.61,2.5738,5.59,1,0,0,2019,1.0386,12.907,-1.675
49,2018,7.6001,2.76,2.5763,5.6511,1,0,0,2019,1.0764,13.0501,-1.575
49,2019,8.7445,2.91,2.5238,5.59,1,1,1,2019,1.3061,14.1945,-1.475
49,2020,9.1502,2.89,2.6347,5.6511,1,1,1,2019,1.3177,14.6002,-1.375
49,2021,9.5883,3.04,2.6372,5.7122,1,1,1,2019,1.3556,15.0383,-1.275
49,2022,9.8519,3.02,2.6397,5.7733,1,1,1,2019,1.3509,15.3019,-1.175
50,2015,7.0998,2.66,2.515,5.5889,1,0,0,2019,1.0423,12.5998,-1.825
50,2016,7.3275,2.64,2.6342,5.65,1,0,0,2019,1.0551,12.8275,-1.725
50,2017,7.5877,2.79,2.645,5.7111,1,0,0,2019,1.0942,13.0877,-1.625
50,2018,7.6597,2.77,2.6008,5.65,1,0,0,2019,1.0826,13.1597,-1.525
50,2019,8.8199,2.92,2.6117,5.7111,1,1,1,2019,1.3217,14.3199,-1.425
50,2020,9.2006,2.9,2.6225,5.7722,1,1,1,2019,1.3184,14.7006,-1.325
50,2021,9.6408,3.05,2.6333,5.8333,1,1,1,2019,1.3575,15.1408,-1.225
50,2022,10.1081,3.2,2.7525,5.8944,1,1,1,2019,1.4129,15.6081,-1.125
51,2015,7.1669,2.67,2.5695,5.71,1,0,0,2019,1.0529,12.7169,-1.775
51,2016,7.3967,2.65,2.697,5.7711,1,0,0,2019,1.0671,12.9468,-1.675
51,2017,7.6453,2.8,2.6612,5.71,1,0,0,2019,1.0992,13.1953,-1.575
51,2018,7.9076,2.95,2.6803,5.7711,1,0,0,2019,1.1396,13.4576,-1.475
51,2019,8.8954,2.93,2.6995,5.8322,1,1,1,2019,1.3374,14.4454,-1.375
51,2020,9.3377,3.08,2.7187,5.8933,1,1,1,2019,1.3778,14.8877,-1.275
51,2021,9.7205,3.06,2.7378,5.9544,1,1,1,2019,1.3757,15.2705,-1.175
51,2022,10.1627,3.21,2.757,6.0156,1,1,1,2019,1.4161,15.7127,-1.075
52,2015,7.234,2.68,2.624,5.8311,1,0,0,2019,1.0636,12.834,-1.725
52,2016,7.4846,2.83,2.5965,5.77,1,0,0,2019,1.097,13.0846,-1.625
52,2017,7.6895,2.81,2.624,5.8311,1,0,0,2019,1.0961,13.2895,-1.525
52,2018,7.9539,2.96,2.6515,5.8922,1,0,0,2019,1.1377,13.5539,-1.425
52,2019,9.0587,2.94,2.679,5.9533,1,1,1,2019,1.3368,14.6587,-1.325
52,2020,9.3881,3.09,2.7065,6.0144,1,1,1,2019,1.3785,14.9881,-1.225
52,2021,9.8325,3.24,2.734,6.0756,1,1,1,2019,1.4201,15.4325,-1.125
52,2022,10.2174,3.22,2.7615,6.1367,1,1,1,2019,1.4192,15.8174,-1.025
53,2015,7.4024,2.69,2.6235,5.83,1,0,0,2019,1.066,13.0524,-1.675
53,2016,7.5538,2.84,2.6593,5.8911,1,0,0,2019,1.1089,13.2038,-1.575
53,2017,7.7608,2.82,2.6952,5.9522,1,0,0,2019,1.1093,13.4108,-1.475
53,2018,8.0273,2.97,2.731,6.0133,1,0,0,2019,1.1522,13.6773,-1.375
53,2019,9.1937,3.12,2.7668,6.0744,1,1,1,2019,1.395,14.8437,-1.275
53,2020,9.5807,3.1,2.8027,6.1356,1,1,1,2019,1.3954,15.2307,-1.175
53,2021,9.9121,3.25,2.8385,6.1967,1,1,1,2019,1.4383,15.5621,-1.075
53,2022,10.2991,3.23,2.8743,6.2578,1,1,1,2019,1.4386,15.9491,-0.975
54,2015,7.4695,2.7,2.678,5.9511,1,0,0,2019,1.0767,13.1695,-1.625
54,2016,7.738,2.85,2.7222,6.0122,1,0,0,2019,1.1208,13.438,-1.525
54,2017,7.8916,3.0,2.7663,6.0733,1,0,0,2019,1.165,13.5916,-1.425
54,2018,8.1006,2.98,2.8105,6.1344,1,0,0,2019,1.1666,13.8006,-1.325
54,2019,9.2692,3.13,2.8547,6.1956,1,1,1,2019,1.4107,14.9692,-1.225
54,2020,9.6582,3.11,2.8988,6.2567,1,1,1,2019,1.4123,15.3582,-1.125
54,2021,10.1067,3.26,2.943,6.3178,1,1,1,2019,1.4565,15.8068,-1.025
54,2022,10.4132,3.41,2.8788,6.3789,1,1,1,2019,1.4843,16.1132,-0.925
55,2015,7.5961,2.88,2.7325,6.0722,1,0,0,2019,1.1299,13.3461,-1.575
55,2016,7.8073,2.86,2.785,6.1333,1,0,0,2019,1.1327,13.5572,-1.475
55,2017,8.0779,3.01,2.8375,6.1944,1,0,0,2019,1.1781,13.8279,-1.375
55,2018,8.174,2.99,2.89,6.2556,1,0,0,2019,1.181,13.924,-1.275
55,2019,9.3446,3.14,2.9425,6.3167,1,1,1,2019,1.4264,15.0946,-1.175
55,2020,9.7682,3.29,2.8867,6.3778,1,1,1,2019,1.4555,15.5182,-1.075
55,2021,10.1593,3.27,2.9392,6.4389,1,1,1,2019,1.4584,15.9093,-0.975
55,2022,10.4949,3.42,2.9917,6.5,1,1,1,2019,1.5037,16.2449,-0.875
56,2015,7.6632,2.89,2.787,6.1933,1,0,0,2019,1.1405,13.4633,-1.525
56,2016,7.936,3.04,2.8478,6.2544,1,0,0,2019,1.1872,13.736,-1.425
56,2017,8.1492,3.02,2.9087,6.3156,1,0,0,2019,1.1913,13.9492,-1.325
56,2018,8.4219,3.17,2.9695,6.3767,1,0,0,2019,1.2379,14.2219,-1.225
56,2019,9.393,3.15,2.922,6.4378,1,1,1,2019,1.4258,15.193,-1.125
56,2020,9.8457,3.3,2.9828,6.4989,1,1,1,2019,1.4724,15.6457,-1.025
56,2021,10.2389,3.28,3.0437,6.56,1,1,1,2019,1.4766,16.0389,-0.925
56,2022,10.6645,3.43,2.9962,6.6211,1,1,1,2019,1.5069,16.4645,-0.825
57,2015,7.7304,2.9,2.8415,6.3144,1,0,0,2019,1.1512,13.5804,-1.475
57,2016,8.0052,3.05,2.9107,6.3756,1,0,0,2019,1.1991,13.8552,-1.375
57,2017,8.2205,3.03,2.9798,6.4367,1,0,0,2019,1.2045,14.0705,-1.275
57,2018,8.4682,3.18,2.9407,6.4978,1,0,0,2019,1.2361,14.3182,-1.175
57,2019,9.528,3.33,3.0098,6.5589,1,1,1,2019,1.484,15.378,-1.075
57,2020,9.9233,3.31,3.079,6.62,1,1,1,2019,1.4893,15.7733,-0.975
57,2021,10.351,3.46,3.0398,6.6811,1,1,1,2019,1.521,16.201,-0.875
57,2022,10.7325,3.44,3.054,6.62,1,1,1,2019,1.5181,16.5825,-0.775
58,2015,7.9125,2.91,2.896,6.4356,1,0,0,2019,1.1619,13.8125,-1.425
58,2016,8.0744,3.06,2.9735,6.4967,1,0,0,2019,1.211,13.9744,-1.325
58,2017,8.3513,3.21,3.051,6.5578,1,0,0,2019,1.2602,14.2513,-1.225
58,2018,8.5415,3.19,3.0202,6.6189,1,0,0,2019,1.2505,14.4415,-1.125
58,2019,9.7184,3.34,3.0977,6.68,1,1,1,2019,1.4996,15.6184,-1.025
58,2020,9.9737,3.32,3.0668,6.7411,1,1,1,2019,1.49,15.8737,-0.925
58,2021,10.4168,3.47,3.0893,6.68,1,1,1,2019,1.5309,16.3168,-0.825
58,2022,10.8466,3.62,3.0585,6.7411,1,1,1,2019,1.5638,16.7466,-0.725
59,2015,8.0391,3.09,2.9505,6.5567,1,0,0,2019,1.2151,13.9891,-1.375
59,2016,8.1436,3.07,3.0363,6.6178,1,0,0,2019,1.2229,14.0936,-1.275
59,2017,8.3955,3.22,3.0138,6.6789,1,0,0,2019,1.2571,14.3455,-1.175
59,2018,8.6149,3.2,3.0997,6.74,1,0,0,2019,1.265,14.5649,-1.075
59,2019,9.7668,3.35,3.0772,6.8011,1,1,1,2019,1.4991,15.7168,-0.975
59,2020,10.212,3.5,3.108,6.74,1,1,1,2019,1.5412,16.162,-0.875
59,2021,10.4694,3.48,3.0855,6.8011,1,1,1,2019,1.5328,16.4194,-0.775
59,2022,10.9283,3.63,3.1713,6.8622,1,1,1,2019,1.5832,16.8783,-0.675
60,2015,8.1063,3.1,3.005,6.6778,1,0,0,2019,1.2258,14.1063,-1.325
60,2016,8.3278,3.08,3.0992,6.7389,1,0,0,2019,1.2349,14.3278,-1.225
60,2017,8.4668,3.23,3.085,6.8,1,0,0,2019,1.2702,14.4668,-1.125
60,2018,8.7478,3.38,3.1792,6.8611,1,0,0,2019,1.3219,14.7478,-1.025
60,2019,9.8285,3.36,3.11,6.8,1,1,1,2019,1.5065,15.8285,-0.925
60,2020,10.2625,3.51,3.0958,6.8611,1,1,1,2019,1.5419,16.2625,-0.825
60,2021,10.664,3.49,3.19,6.9222,1,1,1,2019,1.551,16.664,-0.725
60,2022,10.983,3.64,3.1758,6.9833,1,1,1,2019,1.5864,16.983,-0.625
61,2015,8.1734,3.11,3.0595,6.7989,1,0,0,2019,1.2364,14.2234,-1.275
61,2016,8.4565,3.26,3.162,6.86,1,0,0,2019,1.2893,14.5065,-1.175
61,2017,8.653,3.24,3.1562,6.9211,1,0,0,2019,1.2834,14.703,-1.075
61,2018,8.7803,3.39,3.0953,6.86,1,0,0,2019,1.3118,14.8303,-0.975
61,2019,9.904,3.37,3.1978,6.9211,1,1,1,2019,1.5222,15.954,-0.875
61,2020,10.34,3.52,3.192,6.9822,1,1,1,2019,1.5588,16.39,-0.775
61,2021,10.776,3.67,3.1862,7.0433,1,1,1,2019,1.5954,16.826,-0.675
61,2022,11.1797,3.65,3.2887,7.1044,1,1,1,2019,1.6058,17.2297,-0.575
62,2015,8.2405,3.12,3.114,6.92,1,0,0,2019,1.2471,14.3405,-1.225
62,2016,8.5257,3.27,3.2248,6.9811,1,0,0,2019,1.3012,14.6257,-1.125
62,2017,8.7701,3.42,3.1723,6.92,1,0,0,2019,1.3309,14.8701,-1.025
62,2018,8.9687,3.4,3.1748,6.9811,1,0,0,2019,1.3262,15.0687,-0.925
62,2019,10.0118,3.55,3.1773,7.0422,1,1,1,2019,1.5641,16.1118,-0.825
62,2020,10.4175,3.53,3.2882,7.1033,1,1,1,2019,1.5757,16.5175,-0.725
62,2021,10.8557,3.68,3.2907,7.1644,1,1,1,2019,1.6136,16.9557,-0.625
62,2022,11.2343,3.66,3.2932,7.2256,1,1,1,2019,1.609,17.3343,-0.525
63,2015,8.3671,3.3,3.1685,7.0411,1,0,0,2019,1.3003,14.5171,-1.175
63,2016,8.5812,3.28,3.2327,6.98,1,0,0,2019,1.3049,14.7312,-1.075
63,2017,8.8414,3.43,3.2435,7.0411,1,0,0,2019,1.344,14.9914,-0.975
63,2018,9.0421,3.41,3.2543,7.1022,1,0,0,2019,1.3407,15.1921,-0.875
63,2019,10.2023,3.56,3.2652,7.1633,1,1,1,2019,1.5798,16.3523,-0.775
63,2020,10.5275,3.71,3.276,7.2244,1,1,1,2019,1.6189,16.6775,-0.675
63,2021,10.9082,3.69,3.2868,7.2856,1,1,1,2019,1.6155,17.0582,-0.575
63,2022,11.3755,3.84,3.406,7.3467,1,1,1,2019,1.6709,17.5255,-0.475
64,2015,8.5355,3.31,3.168,7.04,1,0,0,2019,1.3027,14.7355,-1.125
64,2016,8.6504,3.29,3.2955,7.1011,1,0,0,2019,1.3168,14.8504,-1.025
64,2017,8.9127,3.44,3.3147,7.1622,1,0,0,2019,1.3572,15.1127,-0.925
64,2018,9.175,3.59,3.3338,7.2233,1,0,0,2019,1.3976,15.375,-0.825
64,2019,10.2778,3.57,3.353,7.2844,1,1,1,2019,1.5954,16.4778,-0.725
64,2020,10.605,3.72,3.3722,7.3456,1,1,1,2019,1.6358,16.805,-0.625
64,2021,10.9878,3.7,3.3913,7.4067,1,1,1,2019,1.6337,17.1878,-0.525
64,2022,11.4301,3.85,3.4105,7.4678,1,1,1,2019,1.6741,17.6301,-0.425
65,2015,8.6026,3.32,3.2225,7.1611,1,0,0,2019,1.3134,14.8526,-1.075
65,2016,8.867,3.47,3.25,7.2222,1,0,0,2019,1.355,15.117,-0.975
65,2017,8.9569,3.45,3.2775,7.2833,1,0,0,2019,1.3541,15.2069,-0.875
65,2018,9.2213,3.6,3.305,7.3444,1,0,0,2019,1.3958,15.4713,-0.775
65,2019,10.3261,3.58,3.3325,7.4056,1,1,1,2019,1.5949,16.5761,-0.675
65,2020,10.7705,3.73,3.36,7.4667,1,1,1,2019,1.6365,17.0205,-0.575
65,2021,11.0999,3.88,3.3875,7.5278,1,1,1,2019,1.6781,17.3499,-0.475
65,2022,11.4848,3.86,3.415,7.5889,1,1,1,2019,1.6772,17.7347,-0.375
66,2015,8.6697,3.33,3.277,7.2822,1,0,0,2019,1.324,14.9697,-1.025
66,2016,8.9362,3.48,3.3128,7.3433,1,0,0,2019,1.3669,15.2362,-0.925
66,2017,9.0282,3.46,3.3487,7.4044,1,0,0,2019,1.3673,15.3282,-0.825
66,2018,9.2946,3.61,3.3845,7.4656,1,0,0,2019,1.4102,15.5946,-0.725
66,2019,10.4611,3.76,3.4203,7.5267,1,1,1,2019,1.6531,16.7611,-0.625
66,2020,10.848,3.74,3.4562,7.5878,1,1,1,2019,1.6534,17.148,-0.525
66,2021,11.2945,3.89,3.492,7.6489,1,1,1,2019,1.6963,17.5945,-0.425
66,2022,11.5665,3.87,3.5278,7.71,1,1,1,2019,1.6967,17.8665,-0.325
67,2015,8.7964,3.51,3.3315,7.4033,1,0,0,2019,1.3772,15.1464,-0.975
67,2016,9.0054,3.49,3.3757,7.4644,1,0,0,2019,1.3788,15.3554,-0.875
67,2017,9.274,3.64,3.4198,7.5256,1,0,0,2019,1.423,15.624,-0.775
67,2018,9.368,3.62,3.464,7.5867,1,0,0,2019,1.4246,15.718,-0.675
67,2019,10.5365,3.77,3.5082,7.6478,1,1,1,2019,1.6687,16.8865,-0.575
67,2020,10.9256,3.75,3.5523,7.7089,1,1,1,2019,1.6703,17.2756,-0.475
67,2021,11.3741,3.9,3.5965,7.77,1,1,1,2019,1.7145,17.7241,-0.375
67,2022,11.7956,4.05,3.5323,7.8311,1,1,1,2019,1.7423,18.1456,-0.275
68,2015,8.8635,3.52,3.386,7.5244,1,0,0,2019,1.3879,15.2635,-0.925
68,2016,9.0746,3.5,3.4385,7.5856,1,0,0,2019,1.3908,15.4746,-0.825
68,2017,9.3453,3.65,3.491,7.6467,1,0,0,2019,1.4362,15.7453,-0.725
68,2018,9.6159,3.8,3.5435,7.7078,1,0,0,2019,1.4815,16.0159,-0.625
68,2019,10.612,3.78,3.596,7.7689,1,1,1,2019,1.6844,17.012,-0.525
68,2020,11.0355,3.93,3.5402,7.83,1,1,1,2019,1.7135,17.4355,-0.425
68,2021,11.4267,3.91,3.5927,7.8911,1,1,1,2019,1.7164,17.8267,-0.325
68,2022,11.8635,4.06,3.5902,7.83,1,1,1,2019,1.7535,18.2635,-0.225
69,2015,8.9306,3.53,3.4405,7.6456,1,0,0,2019,1.3986,15.3806,-0.875
69,2016,9.2033,3.68,3.5013,7.7067,1,0,0,2019,1.4452,15.6533,-0.775
69,2017,9.4165,3.66,3.5622,7.7678,1,0,0,2019,1.4493,15.8665,-0.675
69,2018,9.6892,3.81,3.623,7.8289,1,0,0,2019,1.496,16.1393,-0.575
69,2019,10.7754,3.79,3.5755,7.89,1,1,1,2019,1.6838,17.2254,-0.475
69,2020,11.1131,3.94,3.6363,7.9511,1,1,1,2019,1.7304,17.5631,-0.375
69,2021,11.552,4.09,3.6422,7.89,1,1,1,2019,1.7688,18.002,-0.275
69,2022,11.9182,4.07,3.5947,7.9511,1,1,1,2019,1.7567,18.3682,-0.175
70,2015,9.1127,3.54,3.495,7.7667,1,0,0,2019,1.4093,15.6127,-0.825
70,2016,9.2725,3.69,3.5642,7.8278,1,0,0,2019,1.4571,15.7725,-0.725
70,2017,9.4878,3.67,3.6333,7.8889,1,0,0,2019,1.4625,15.9878,-0.625
70,2018,9.7355,3.82,3.5942,7.95,1,0,0,2019,1.4941,16.2355,-0.525
70,2019,10.9103,3.97,3.6633,8.0111,1,1,1,2019,1.742,17.4103,-0.425
70,2020,11.2919,3.95,3.6775,7.95,1,1,1,2019,1.7391,17.7919,-0.325
70,2021,11.6046,4.1,3.6383,8.0111,1,1,1,2019,1.7707,18.1046,-0.225
70,2022,11.9999,4.08,3.7075,8.0722,1,1,1,2019,1.7761,18.4999,-0.125
71,2015,9.1799,3.55,3.5495,7.8878,1,0,0,2019,1.4199,15.7299,-0.775
71,2016,9.4568,3.7,3.627,7.9489,1,0,0,2019,1.469,16.0068,-0.675
71,2017,9.6186,3.85,3.7045,8.01,1,0,0,2019,1.5182,16.1686,-0.575
71,2018,9.8089,3.83,3.6737,8.0711,1,0,0,2019,1.5086,16.3589,-0.475
71,2019,10.972,3.98,3.6962,8.01,1,1,1,2019,1.7494,17.522,-0.375
71,2020,11.3423,3.96,3.6653,8.0711,1,1,1,2019,1.7398,17.8923,-0.275
71,2021,11.6842,4.11,3.7428,8.1322,1,1,1,2019,1.7889,18.2342,-0.175
71,2022,12.114,4.26,3.712,8.1933,1,1,1,2019,1.8218,18.664,-0.075
72,2015,9.3065,3.73,3.604,8.0089,1,0,0,2019,1.4731,15.9065,-0.725
72,2016,9.526,3.71,3.6898,8.07,1,0,0,2019,1.481,16.126,-0.625
72,2017,9.7778,3.86,3.6673,8.1311,1,0,0,2019,1.5151,16.3778,-0.525
72,2018,9.8685,3.84,3.6982,8.07,1,0,0,2019,1.5147,16.4685,-0.425
72,2019,11.0204,3.99,3.6757,8.1311,1,1,1,2019,1.7488,17.6204,-0.325
72,2020,11.4794,4.14,3.7615,8.1922,1,1,1,2019,1.7992,18.0794,-0.225
72,2021,11.8518,4.12,3.739,8.2533,1,1,1,2019,1.7909,18.4518,-0.125
72,2022,12.1957,4.27,3.8248,8.3144,1,1,1,2019,1.8412,18.7957,-0.025
73,2015,9.3736,3.74,3.6585,8.13,1,0,0,2019,1.4838,16.0236,-0.675
73,2016,9.6547,3.89,3.7527,8.1911,1,0,0,2019,1.5354,16.3047,-0.575
73,2017,9.8354,3.87,3.6835,8.13,1,0,0,2019,1.52,16.4854,-0.475
73,2018,10.0014,4.02,3.7777,8.1911,1,0,0,2019,1.5716,16.6514,-0.375
73,2019,11.0959,4.0,3.7635,8.2522,1,1,1,2019,1.7645,17.7459,-0.275
73,2020,11.5298,4.15,3.7493,8.3133,1,1,1,2019,1.7999,18.1798,-0.175
73,2021,11.9314,4.13,3.8435,8.3744,1,1,1,2019,1.809,18.5814,-0.075
73,2022,12.3653,4.28,3.8293,8.4356,1,1,1,2019,1.8444,19.0153,0.025
74,2015,9.4407,3.75,3.713,8.2511,1,0,0,2019,1.4945,16.1408,-0.625
74,2016,9.7101,3.9,3.7605,8.19,1,0,0,2019,1.5391,16.4101,-0.525
74,2017,9.9067,3.88,3.7547,8.2511,1,0,0,2019,1.5332,16.6067,-0.425
74,2018,10.1627,4.03,3.7488,8.3122,1,0,0,2019,1.5698,16.8627,-0.325
74,2019,11.2308,4.18,3.8513,8.3733,1,1,1,2019,1.8227,17.9308,-0.225
74,2020,11.6074,4.16,3.8455,8.4344,1,1,1,2019,1.8168,18.3074,-0.125
74,2021,12.0434,4.31,3.8397,8.4956,1,1,1,2019,1.8534,18.7434,-0.025
74,2022,12.447,4.29,3.9422,8.5567,1,1,1,2019,1.8638,19.147,0.075
75,2015,9.4941,3.76,3.7125,8.25,1,0,0,2019,1.4969,16.2441,-0.575
75,2016,9.7793,3.91,3.8233,8.3111,1,0,0,2019,1.551,16.5293,-0.475
75,2017,10.0375,4.06,3.8258,8.3722,1,0,0,2019,1.5889,16.7875,-0.375
75,2018,10.2361,4.04,3.8283,8.4333,1,0,0,2019,1.5842,16.9861,-0.275
75,2019,11.3942,4.19,3.8308,8.4944,1,1,1,2019,1.8221,18.1442,-0.175
75,2020,11.6849,4.17,3.9417,8.5556,1,1,1,2019,1.8337,18.4349,-0.075
75,2021,12.123,4.32,3.9442,8.6167,1,1,1,2019,1.8716,18.873,0.025
75,2022,12.5612,4.47,3.9467,8.6778,1,1,1,2019,1.9095,19.3112,0.125
76,2015,9.7358,3.94,3.767,8.3711,1,0,0,2019,1.5501,16.5358,-0.525
76,2016,9.8485,3.92,3.8862,8.4322,1,0,0,2019,1.5629,16.6485,-0.425
76,2017,10.1088,4.07,3.897,8.4933,1,0,0,2019,1.602,16.9088,-0.325
76,2018,10.3095,4.05,3.9078,8.5544,1,0,0,2019,1.5987,17.1095,-0.225
76,2019,11.4697,4.2,3.9187,8.6156,1,1,1,2019,1.8378,18.2697,-0.125
76,2020,11.9099,4.35,3.9295,8.6767,1,1,1,2019,1.8769,18.7099,-0.025
76,2021,12.1756,4.33,3.9403,8.7378,1,1,1,2019,1.8736,18.9756,0.075
76,2022,12.6429,4.48,4.0595,8.7989,1,1,1,2019,1.9289,19.4429,0.175
77,2015,9.8029,3.95,3.8215,8.4922,1,0,0,2019,1.5607,16.6529,-0.475
77,2016,10.0328,3.93,3.949,8.5533,1,0,0,2019,1.5749,16.8828,-0.375
77,2017,10.18,4.08,3.9682,8.6144,1,0,0,2019,1.6152,17.03,-0.275
77,2018,10.4423,4.23,3.9873,8.6756,1,0,0,2019,1.6556,17.2923,-0.175
77,2019,11.5451,4.21,4.0065,8.7367,1,1,1,2019,1.8535,18.3951,-0.075
77,2020,11.9874,4.36,4.0257,8.7978,1,1,1,2019,1.8939,18.8374,0.025
77,2021,12.3702,4.34,4.0448,8.8589,1,1,1,2019,1.8917,19.2202,0.125
77,2022,12.6975,4.49,4.064,8.92,1,1,1,2019,1.9321,19.5475,0.225
78,2015,9.87,3.96,3.876,8.6133,1,0,0,2019,1.5714,16.77,-0.425
78,2016,10.1344,4.11,3.9035,8.6744,1,0,0,2019,1.613,17.0344,-0.325
78,2017,10.3393,4.09,3.931,8.7356,1,0,0,2019,1.6122,17.2393,-0.225
78,2018,10.4886,4.24,3.9585,8.7967,1,0,0,2019,1.6538,17.3886,-0.125
78,2019,11.5935,4.22,3.986,8.8578,1,1,1,2019,1.8529,18.4935,-0.025
78,2020,12.0379,4.37,4.0135,8.9189,1,1,1,2019,1.8945,18.9379,0.075
78,2021,12.4823,4.52,4.041,8.98,1,1,1,2019,1.9362,19.3823,0.175
78,2022,12.7521,4.5,4.0685,9.0411,1,1,1,2019,1.9353,19.6521,0.275
79,2015,9.9371,3.97,3.9305,8.7344,1,0,0,2019,1.5821,16.8871,-0.375
79,2016,10.2036,4.12,3.9663,8.7956,1,0,0,2019,1.625,17.1536,-0.275
79,2017,10.47,4.27,4.0022,8.8567,1,0,0,2019,1.6678,17.42,-0.175
79,2018,10.677,4.25,4.038,8.9178,1,0,0,2019,1.6682,17.627,-0.075
79,2019,11.7285,4.4,4.0738,8.9789,1,1,1,2019,1.9111,18.6785,0.025
79,2020,12.1154,4.38,4.1097,9.04,1,1,1,2019,1.9115,19.0654,0.125
79,2021,12.5619,4.53,4.1455,9.1011,1,1,1,2019,1.9543,19.5119,0.225
79,2022,12.9351,4.51,4.1263,9.04,1,1,1,2019,1.9464,19.8851,0.325
80,2015,10.0638,4.15,3.985,8.8556,1,0,0,2019,1.6353,17.0637,-0.325
80,2016,10.2728,4.13,4.0292,8.9167,1,0,0,2019,1.6369,17.2728,-0.225
80,2017,10.5413,4.28,4.0733,8.9778,1,0,0,2019,1.681,17.5413,-0.125
80,2018,10.7504,4.26,4.1175,9.0389,1,0,0,2019,1.6826,17.7504,-0.025
80,2019,11.8039,4.41,4.1617,9.1,1,1,1,2019,1.9267,18.8039,0.075
80,2020,12.2525,4.56,4.2058,9.1611,1,1,1,2019,1.9709,19.2525,0.175
80,2021,12.6278,4.54,4.195,9.1,1,1,1,2019,1.9643,19.6277,0.275
80,2022,13.0492,4.69,4.1308,9.1611,1,1,1,2019,1.9921,20.0492,0.375
81,2015,10.2459,4.16,4.0395,8.9767,1,0,0,2020,1.6459,17.2959,-0.275
81,2016,10.342,4.14,4.092,9.0378,1,0,0,2020,1.6488,17.392,-0.175
81,2017,10.6126,4.29,4.1445,9.0989,1,0,0,2020,1.6942,17.6626,-0.075
81,2018,10.8833,4.44,4.197,9.16,1,0,0,2020,1.7395,17.9333,0.025
81,2019,11.0944,4.42,4.2495,9.2211,1,0,1,2020,1.7424,18.1444,0.125
81,2020,12.1092,4.57,4.1387,9.16,1,1,1,2020,1.9633,19.1592,0.225
81,2021,12.5003,4.55,4.1912,9.2211,1,1,1,2020,1.9662,19.5503,0.325
81,2022,12.9509,4.7,4.2437,9.2822,1,1,1,2020,2.0115,20.0009,0.425
82,2015,10.313,4.17,4.094,9.0978,1,0,0,2020,1.6566,17.413,-0.225
82,2016,10.4707,4.32,4.1548,9.1589,1,0,0,2020,1.7032,17.5707,-0.125
82,2017,10.6839,4.3,4.2157,9.22,1,0,0,2020,1.7074,17.7839,-0.025
82,2018,10.9566,4.45,4.2765,9.2811,1,0,0,2020,1.754,18.0566,0.075
82,2019,11.129,4.43,4.174,9.22,1,0,1,2020,1.7336,18.229,0.175
82,2020,12.3017,4.58,4.2348,9.2811,1,1,1,2020,1.9802,19.4017,0.275
82,2021,12.6394,4.73,4.2957,9.3422,1,1,1,2020,2.0269,19.7394,0.375
82,2022,13.0055,4.71,4.2482,9.4033,1,1,1,2020,2.0147,20.1055,0.475
83,2015,10.3801,4.18,4.1485,9.2189,1,0,0,2020,1.6673,17.5301,-0.175
83,2016,10.6549,4.33,4.2177,9.28,1,0,0,2020,1.7152,17.8049,-0.075
83,2017,10.7552,4.31,4.2868,9.3411,1,0,0,2020,1.7205,17.9052,0.025
83,2018,10.9892,4.46,4.1927,9.28,1,0,0,2020,1.7439,18.1392,0.125
83,2019,11.264,4.61,4.2618,9.3411,1,0,1,2020,1.7918,18.414,0.225
83,2020,12.3793,4.59,4.331,9.4022,1,1,1,2020,1.9972,19.5293,0.325
83,2021,12.807,4.74,4.2918,9.4633,1,1,1,2020,2.0288,19.957,0.425
83,2022,13.0873,4.72,4.361,9.5244,1,1,1,2020,2.0342,20.2373,0.525
84,2015,10.5068,4.36,4.203,9.34,1,0,0,2020,1.7205,17.7068,-0.125
84,2016,10.7241,4.34,4.2805,9.4011,1,0,0,2020,1.7271,17.9241,-0.025
84,2017,10.9872,4.49,4.303,9.34,1,0,0,2020,1.7679,18.1872,0.075
84,2018,11.0625,4.47,4.2722,9.4011,1,0,0,2020,1.7583,18.2625,0.175
84,2019,11.3394,4.62,4.3497,9.4622,1,0,1,2020,1.8075,18.5394,0.275
84,2020,12.4297,4.6,4.3188,9.5233,1,1,1,2020,1.9978,19.6297,0.375
84,2021,12.8866,4.75,4.3963,9.5844,1,1,1,2020,2.047,20.0866,0.475
84,2022,13.3164,4.9,4.3655,9.6456,1,1,1,2020,2.0798,20.5164,0.575
85,2015,10.5739,4.37,4.2575,9.4611,1,0,0,2020,1.7311,17.8239,-0.075
85,2016,10.7796,4.35,4.2883,9.4,1,0,0,2020,1.7308,18.0296,0.025
85,2017,11.0315,4.5,4.2658,9.4611,1,0,0,2020,1.7649,18.2815,0.125
85,2018,11.3104,4.65,4.3517,9.5222,1,0,0,2020,1.8153,18.5604,0.225
85,2019,11.3878,4.63,4.3292,9.5833,1,0,1,2020,1.8069,18.6378,0.325
85,2020,12.5667,4.78,4.415,9.6444,1,1,1,2020,2.0573,19.8167,0.425
85,2021,12.9391,4.76,4.3925,9.7056,1,1,1,2020,2.0489,20.1891,0.525
85,2022,13.3981,4.91,4.4783,9.7667,1,1,1,2020,2.0993,20.6481,0.625
86,2015,10.6272,4.38,4.257,9.46,1,0,0,2020,1.7336,17.9272,-0.025
86,2016,10.9083,4.53,4.3512,9.5211,1,0,0,2020,1.7852,18.2083,0.075
86,2017,11.1028,4.51,4.337,9.5822,1,0,0,2020,1.778,18.4028,0.175
86,2018,11.3838,4.66,4.4312,9.6433,1,0,0,2020,1.8297,18.6838,0.275
86,2019,11.5783,4.64,4.417,9.7044,1,0,1,2020,1.8225,18.8783,0.375
86,2020,12.6172,4.79,4.4028,9.7656,1,1,1,2020,2.0579,19.9172,0.475
86,2021,13.0782,4.94,4.497,9.8267,1,1,1,2020,2.1096,20.3782,0.575
86,2022,13.4527,4.92,4.4828,9.8878,1,1,1,2020,2.1024,20.7527,0.675
87,2015,10.8094,4.39,4.3115,9.5811,1,0,0,2020,1.7442,18.1594,0.025
87,2016,10.9775,4.54,4.414,9.6422,1,0,0,2020,1.7971,18.3275,0.125
87,2017,11.174,4.52,4.4082,9.7033,1,0,0,2020,1.7912,18.524,0.225
87,2018,11.4301,4.67,4.4023,9.7644,1,0,0,2020,1.8279,18.7801,0.325
87,2019,11.7132,4.82,4.5048,9.8256,1,0,1,2020,1.8807,19.0632,0.425
87,2020,12.6948,4.8,4.499,9.8867,1,1,1,2020,2.0749,20.0448,0.525
87,2021,13.1308,4.95,4.4932,9.9478,1,1,1,2020,2.1115,20.4808,0.625
87,2022,13.5344,4.93,4.5957,10.0089,1,1,1,2020,2.1218,20.8844,0.725
88,2015,10.8765,4.4,4.366,9.7022,1,0,0,2020,1.7549,18.2765,0.075
88,2016,11.1617,4.55,4.4768,9.7633,1,0,0,2020,1.809,18.5617,0.175
88,2017,11.3048,4.7,4.4793,9.8244,1,0,0,2020,1.8469,18.7048,0.275
88,2018,11.5035,4.68,4.4818,9.8856,1,0,0,2020,1.8423,18.9035,0.375
88,2019,11.7616,4.83,4.4843,9.9467,1,0,1,2020,1.8802,19.1616,0.475
88,2020,12.8873,4.81,4.5952,10.0078,1,1,1,2020,2.0918,20.2873,0.575
88,2021,13.2104,4.96,4.5977,10.0689,1,1,1,2020,2.1297,20.6104,0.675
88,2022,13.6485,5.11,4.6002,10.13,1,1,1,2020,2.1675,21.0485,0.775
89,2015,11.0031,4.58,4.4205,9.8233,1,0,0,2020,1.8081,18.4531,0.125
89,2016,11.2309,4.56,4.5397,9.8844,1,0,0,2020,1.821,18.6809,0.225
89,2017,11.3761,4.71,4.5505,9.9456,1,0,0,2020,1.8601,18.8261,0.325
89,2018,11.5768,4.69,4.5613,10.0067,1,0,0,2020,1.8567,19.0268,0.425
89,2019,11.837,4.84,4.5722,10.0678,1,0,1,2020,1.8958,19.287,0.525
89,2020,12.9972,4.99,4.583,10.1289,1,1,1,2020,2.135,20.4473,0.625
89,2021,13.378,4.97,4.5938,10.19,1,1,1,2020,2.1316,20.828,0.725
89,2022,13.7302,5.12,4.713,10.2511,1,1,1,2020,2.1869,21.1802,0.825
90,2015,11.0703,4.59,4.475,9.9444,1,0,0,2020,1.8188,18.5703,0.175
90,2016,11.3596,4.74,4.6025,10.0056,1,0,0,2020,1.8754,18.8596,0.275
90,2017,11.5624,4.72,4.6217,10.0667,1,0,0,2020,1.8733,19.0624,0.375
90,2018,11.7097,4.87,4.6408,10.1278,1,0,0,2020,1.9136,19.2097,0.475
90,2019,11.9125,4.85,4.66,10.1889,1,0,1,2020,1.9115,19.4125,0.575
90,2020,13.0748,5.0,4.6792,10.25,1,1,1,2020,2.1519,20.5748,0.675
90,2021,13.4576,4.98,4.6983,10.3111,1,1,1,2020,2.1498,20.9576,0.775
90,2022,13.8861,5.13,4.6625,10.25,1,1,1,2020,2.1819,21.3861,0.875
91,2015,11.1374,4.6,4.5295,10.0656,1,0,0,2020,1.8294,18.6874,0.225
91,2016,11.4018,4.75,4.557,10.1267,1,0,0,2020,1.871,18.9518,0.325
91,2017,11.6066,4.73,4.5845,10.1878,1,0,0,2020,1.8702,19.1566,0.425
91,2018,11.871,4.88,4.612,10.2489,1,0,0,2020,1.9118,19.421,0.525
91,2019,12.0204,5.03,4.6395,10.31,1,0,1,2020,1.9534,19.5704,0.625
91,2020,13.1253,5.01,4.667,10.3711,1,1,1,2020,2.1526,20.6753,0.725
91,2021,13.5559,5.16,4.6395,10.31,1,1,1,2020,2.1859,21.1059,0.825
91,2022,13.9408,5.14,4.667,10.3711,1,1,1,2020,2.185,21.4908,0.925
92,2015,11.2045,4.61,4.584,10.1867,1,0,0,2020,1.8401,18.8045,0.275
92,2016,11.471,4.76,4.6198,10.2478,1,0,0,2020,1.883,19.071,0.375
92,2017,11.7374,4.91,4.6557,10.3089,1,0,0,2020,1.9259,19.3374,0.475
92,2018,11.9444,4.89,4.6915,10.37,1,0,0,2020,1.9262,19.5444,0.575
92,2019,12.2108,5.04,4.7273,10.4311,1,0,1,2020,1.9691,19.8108,0.675
92,2020,13.189,5.02,4.7082,10.37,1,1,1,2020,2.1612,20.789,0.775
92,2021,13.6355,5.17,4.744,10.4311,1,1,1,2020,2.2041,21.2355,0.875
92,2022,14.082,5.32,4.7798,10.4922,1,1,1,2020,2.247,21.682,0.975
93,2015,11.4461,4.79,4.6385,10.3078,1,0,0,2020,1.8933,19.0961,0.325
93,2016,11.5402,4.77,4.6827,10.3689,1,0,0,2020,1.8949,19.1902,0.425
93,2017,11.8087,4.92,4.7268,10.43,1,0,0,2020,1.939,19.4587,0.525
93,2018,12.0178,4.9,4.771,10.4911,1,0,0,2020,1.9407,19.6678,0.625
93,2019,12.2725,5.05,4.7602,10.43,1,0,1,2020,1.9765,19.9225,0.725
93,2020,13.4411,5.2,4.8043,10.4911,1,1,1,2020,2.2207,21.0911,0.825
93,2021,13.7151,5.18,4.8485,10.5522,1,1,1,2020,2.2223,21.3651,0.925
93,2022,14.1366,5.33,4.7843,10.6133,1,1,1,2020,2.2502,21.7866,1.025
94,2015,11.5133,4.8,4.693,10.4289,1,0,0,2020,1.904,19.2133,0.375
94,2016,11.7244,4.78,4.7455,10.49,1,0,0,2020,1.9068,19.4244,0.475
94,2017,11.88,4.93,4.798,10.5511,1,0,0,2020,1.9522,19.58,0.575
94,2018,12.1369,5.08,4.7955,10.49,1,0,0,2020,1.9893,19.8369,0.675
94,2019,12.348,5.06,4.848,10.5511,1,0,1,2020,1.9922,20.048,0.775
94,2020,13.4915,5.21,4.7922,10.6122,1,1,1,2020,2.2213,21.1915,0.875
94,2021,13.7677,5.19,4.8447,10.6733,1,1,1,2020,2.2242,21.4677,0.975
94,2022,14.2183,5.34,4.8972,10.7344,1,1,1,2020,2.2696,21.9183,1.075
95,2015,11.5804,4.81,4.7475,10.55,1,0,0,2020,1.9146,19.3304,0.425
95,2016,11.8531,4.96,4.8083,10.6111,1,0,0,2020,1.9613,19.6031,0.525
95,2017,12.0525,4.94,4.8142,10.55,1,0,0,2020,1.9571,19.8025,0.625
95,2018,12.2103,5.09,4.875,10.6111,1,0,0,2020,2.0038,19.9603,0.725
95,2019,12.3964,5.07,4.8275,10.6722,1,0,1,2020,1.9916,20.1464,0.825
95,2020,13.5691,5.22,4.8883,10.7333,1,1,1,2020,2.2383,21.3191,0.925
95,2021,14.0218,5.37,4.9492,10.7944,1,1,1,2020,2.2849,21.7718,1.025
95,2022,14.2729,5.35,4.9017,10.8556,1,1,1,2020,2.2728,22.0229,1.125
96,2015,11.6475,4.82,4.802,10.6711,1,0,0,2020,1.9253,19.4475,0.475
96,2016,11.9085,4.97,4.8162,10.61,1,0,0,2020,1.9649,19.7085,0.575
96,2017,12.1833,5.12,4.8853,10.6711,1,0,0,2020,2.0128,19.9833,0.675
96,2018,12.2565,5.1,4.8462,10.7322,1,0,0,2020,2.0019,20.0565,0.775
96,2019,12.5313,5.25,4.9153,10.7933,1,0,1,2020,2.0498,20.3313,0.875
96,2020,13.6466,5.23,4.9845,10.8544,1,1,1,2020,2.2552,21.4466,0.975
96,2021,14.0743,5.38,4.9453,10.9156,1,1,1,2020,2.2868,21.8743,1.075
96,2022,14.4696,5.36,5.0145,10.9767,1,1,1,2020,2.2922,22.2696,1.175
97,2015,11.7604,5.0,4.8015,10.67,1,0,0,2020,1.9702,19.6104,0.525
97,2016,11.9778,4.98,4.879,10.7311,1,0,0,2020,1.9769,19.8278,0.625
97,2017,12.2546,5.13,4.9565,10.7922,1,0,0,2020,2.026,20.1046,0.725
97,2018,12.4449,5.11,4.9257,10.8533,1,0,0,2020,2.0164,20.2949,0.825
97,2019,12.6068,5.26,5.0032,10.9144,1,0,1,2020,2.0655,20.4568,0.925
97,2020,13.7566,5.41,4.9723,10.9756,1,1,1,2020,2.2984,21.6066,1.025
97,2021,14.154,5.39,5.0498,11.0367,1,1,1,2020,2.305,22.004,1.125
97,2022,14.5838,5.54,5.019,11.0978,1,1,1,2020,2.3379,22.4338,1.225
98,2015,11.8275,5.01,4.856,10.7911,1,0,0,2020,1.9809,19.7275,0.575
98,2016,12.047,4.99,4.9418,10.8522,1,0,0,2020,1.9888,19.947,0.675
98,2017,12.2988,5.14,4.9193,10.9133,1,0,0,2020,2.0229,20.1988,0.775
98,2018,12.5778,5.29,5.0052,10.9744,1,0,0,2020,2.0733,20.4778,0.875
98,2019,12.7702,5.27,4.9827,11.0356,1,0,1,2020,2.0649,20.6702,0.975
98,2020,13.8341,5.42,5.0685,11.0967,1,1,1,2020,2.3153,21.7341,1.075
98,2021,14.2065,5.4,5.046,11.1578,1,1,1,2020,2.3069,22.1065,1.175
98,2022,14.6655,5.55,5.1318,11.2189,1,1,1,2020,2.3573,22.5655,1.275
99,2015,12.0096,5.02,4.9105,10.9122,1,0,0,2020,1.9916,19.9596,0.625
99,2016,12.1757,5.17,5.0047,10.9733,1,0,0,2020,2.0432,20.1257,0.725
99,2017,12.3701,5.15,4.9905,11.0344,1,0,0,2020,2.0361,20.3201,0.825
99,2018,12.6512,5.3,5.0847,11.0956,1,0,0,2020,2.0877,20.6012,0.925
99,2019,12.8456,5.28,5.0705,11.1567,1,0,1,2020,2.0806,20.7956,1.025
99,2020,13.9996,5.43,5.0563,11.2178,1,1,1,2020,2.316,21.9496,1.125
99,2021,14.3456,5.58,5.1505,11.2789,1,1,1,2020,2.3676,22.2956,1.225
99,2022,14.7201,5.56,5.1363,11.34,1,1,1,2020,2.3605,22.6701,1.325
100,2015,12.0768,5.03,4.965,11.0333,1,0,0,2020,2.0023,20.0768,0.675
100,2016,12.3599,5.18,5.0675,11.0944,1,0,0,2020,2.0551,20.3599,0.775
100,2017,12.4414,5.16,5.0617,11.1556,1,0,0,2020,2.0492,20.4414,0.875
100,2018,12.6975,5.31,5.0558,11.2167,1,0,0,2020,2.0859,20.6975,0.975
100,2019,12.9806,5.46,5.1583,11.2778,1,0,1,2020,2.1387,20.9806,1.075
100,2020,14.0771,5.44,5.1525,11.3389,1,1,1,2020,2.3329,22.0771,1.175
100,2021,14.5132,5.59,5.1467,11.4,1,1,1,2020,2.3695,22.5132,1.275
100,2022,14.8018,5.57,5.2492,11.4611,1,1,1,2020,2.3799,22.8018,1.375
101,2015,12.2034,5.21,5.0195,11.1544,1,0,0,2020,2.0554,20.2534,0.725
101,2016,12.4291,5.19,5.1303,11.2156,1,0,0,2020,2.0671,20.4791,0.825
101,2017,12.6872,5.34,5.1328,11.2767,1,0,0,2020,2.1049,20.7372,0.925
101,2018,12.7708,5.32,5.1353,11.3378,1,0,0,2020,2.1003,20.8208,1.025
101,2019,13.029,5.47,5.1378,11.3989,1,0,1,2020,2.1382,21.079,1.125
101,2020,14.1547,5.45,5.2487,11.46,1,1,1,2020,2.3498,22.2047,1.225
101,2021,14.5928,5.6,5.2512,11.5211,1,1,1,2020,2.3877,22.6428,1.325
101,2022,14.9022,5.75,5.1987,11.46,1,1,1,2020,2.4173,22.9522,1.425
102,2015,12.2705,5.22,5.074,11.2756,1,0,0,2020,2.0661,20.3705,0.775
102,2016,12.4983,5.2,5.1932,11.3367,1,0,0,2020,2.079,20.5983,0.875
102,2017,12.7585,5.35,5.204,11.3978,1,0,0,2020,2.1181,20.8585,0.975
102,2018,13.0187,5.5,5.2148,11.4589,1,0,0,2020,2.1572,21.1187,1.075
102,2019,13.1044,5.48,5.2257,11.52,1,0,1,2020,2.1539,21.2044,1.175
102,2020,14.2646,5.63,5.2365,11.5811,1,1,1,2020,2.393,22.3646,1.275
102,2021,14.6316,5.61,5.1923,11.52,1,1,1,2020,2.3814,22.7316,1.375
102,2022,15.0989,5.76,5.3115,11.5811,1,1,1,2020,2.4367,23.1989,1.475
103,2015,12.3376,5.23,5.1285,11.3967,1,0,0,2020,2.0768,20.4876,0.825
103,2016,12.627,5.38,5.256,11.4578,1,0,0,2020,2.1334,20.777,0.925
103,2017,12.8298,5.36,5.2752,11.5189,1,0,0,2020,2.1313,20.9798,1.025
103,2018,13.0921,5.51,5.2943,11.58,1,0,0,2020,2.1717,21.2421,1.125
103,2019,13.1799,5.49,5.3135,11.6411,1,0,1,2020,2.1695,21.3299,1.225
103,2020,14.3284,5.64,5.2777,11.58,1,1,1,2020,2.4017,22.4784,1.325
103,2021,14.7707,5.79,5.2968,11.6411,1,1,1,2020,2.442,22.9207,1.425
103,2022,15.1535,5.77,5.316,11.7022,1,1,1,2020,2.4399,23.3035,1.525
104,2015,12.5198,5.24,5.183,11.5178,1,0,0,2020,2.0875,20.7198,0.875
104,2016,12.6691,5.39,5.2105,11.5789,1,0,0,2020,2.1291,20.8691,0.975
104,2017,12.874,5.37,5.238,11.64,1,0,0,2020,2.1282,21.074,1.075
104,2018,13.1384,5.52,5.2655,11.7011,1,0,0,2020,2.1698,21.3384,1.175
104,2019,13.389,5.67,5.238,11.64,1,0,1,2020,2.2032,21.589,1.275
104,2020,14.3789,5.65,5.2655,11.7011,1,1,1,2020,2.4023,22.5789,1.375
104,2021,14.8232,5.8,5.293,11.7622,1,1,1,2020,2.444,23.0233,1.475
104,2022,15.2081,5.78,5.3205,11.8233,1,1,1,2020,2.4431,23.4081,1.575
105,2015,12.5869,5.25,5.2375,11.6389,1,0,0,2020,2.0981,20.8369,0.925
105,2016,12.7383,5.4,5.2733,11.7,1,0,0,2020,2.141,20.9883,1.025
105,2017,13.0048,5.55,5.3092,11.7611,1,0,0,2020,2.1839,21.2548,1.125
105,2018,13.198,5.53,5.29,11.7,1,0,0,2020,2.176,21.448,1.225
105,2019,13.4645,5.68,5.3258,11.7611,1,0,1,2020,2.2189,21.7145,1.325
105,2020,14.5714,5.66,5.3617,11.8222,1,1,1,2020,2.4193,22.8214,1.425
105,2021,14.9029,5.81,5.3975,11.8833,1,1,1,2020,2.4621,23.1529,1.525
105,2022,15.3493,5.96,5.4333,11.9444,1,1,1,2020,2.505,23.5993,1.625
106,2015,12.7135,5.43,5.292,11.76,1,0,0,2020,2.1513,21.0135,0.975
106,2016,12.9225,5.41,5.3362,11.8211,1,0,0,2020,2.1529,21.2225,1.075
106,2017,13.0623,5.56,5.3253,11.76,1,0,0,2020,2.1888,21.3623,1.175
106,2018,13.2714,5.54,5.3695,11.8211,1,0,0,2020,2.1904,21.5714,1.275
106,2019,13.5399,5.69,5.4137,11.8822,1,0,1,2020,2.2346,21.8399,1.375
106,2020,14.7085,5.84,5.4578,11.9433,1,1,1,2020,2.4787,23.0085,1.475
106,2021,15.0975,5.82,5.502,12.0044,1,1,1,2020,2.4803,23.3975,1.575
106,2022,15.404,5.97,5.4378,12.0656,1,1,1,2020,2.5082,23.704,1.675
107,2015,12.7806,5.44,5.3465,11.8811,1,0,0,2020,2.162,21.1306,1.025
107,2016,13.0375,5.59,5.344,11.82,1,0,0,2020,2.1991,21.3875,1.125
107,2017,13.2486,5.57,5.3965,11.8811,1,0,0,2020,2.202,21.5986,1.225
107,2018,13.4043,5.72,5.449,11.9422,1,0,0,2020,2.2473,21.7543,1.325
107,2019,13.6154,5.7,5.5015,12.0033,1,0,1,2020,2.2502,21.9654,1.425
107,2020,14.7589,5.85,5.4457,12.0644,1,1,1,2020,2.4794,23.1089,1.525
107,2021,15.15,5.83,5.4982,12.1256,1,1,1,2020,2.4822,23.5,1.625
107,2022,15.6007,5.98,5.5507,12.1867,1,1,1,2020,2.5276,23.9507,1.725
108,2015,12.834,5.45,5.346,11.88,1,0,0,2020,2.1644,21.234,1.075
108,2016,13.1067,5.6,5.4068,11.9411,1,0,0,2020,2.211,21.5067,1.175
108,2017,13.3199,5.58,5.4677,12.0022,1,0,0,2020,2.2151,21.7199,1.275
108,2018,13.5926,5.73,5.5285,12.0633,1,0,0,2020,2.2618,21.9926,1.375
108,2019,13.7233,5.88,5.481,12.1244,1,0,1,2020,2.2922,22.1232,1.475
108,2020,14.8365,5.86,5.5418,12.1856,1,1,1,2020,2.4963,23.2365,1.575
108,2021,15.2892,6.01,5.6027,12.2467,1,1,1,2020,2.5429,23.6892,1.675
108,2022,15.6553,5.99,5.5552,12.3078,1,1,1,2020,2.5308,24.0553,1.775
109,2015,12.9011,5.46,5.4005,12.0011,1,0,0,2020,2.1751,21.3511,1.125
109,2016,13.1759,5.61,5.4697,12.0622,1,0,0,2020,2.2229,21.6259,1.225
109,2017,13.4507,5.76,5.5388,12.1233,1,0,0,2020,2.2708,21.9007,1.325
109,2018,13.6389,5.74,5.4997,12.1844,1,0,0,2020,2.2599,22.0889,1.425
109,2019,13.9137,5.89,5.5688,12.2456,1,0,1,2020,2.3078,22.3637,1.525
109,2020,14.914,5.87,5.638,12.3067,1,1,1,2020,2.5132,23.364,1.625
109,2021,15.3417,6.02,5.5988,12.3678,1,1,1,2020,2.5448,23.7917,1.725
109,2022,15.7965,6.17,5.668,12.4289,1,1,1,2020,2.5927,24.2465,1.825
110,2015,13.1428,5.64,5.455,12.1222,1,0,0,2020,2.2283,21.6427,1.175
110,2016,13.2451,5.62,5.5325,12.1833,1,0,0,2020,2.2349,21.7451,1.275
110,2017,13.522,5.77,5.61,12.2444,1,0,0,2020,2.284,22.022,1.375
110,2018,13.7123,5.75,5.5792,12.3056,1,0,0,2020,2.2744,22.2123,1.475
110,2019,13.9892,5.9,5.6567,12.3667,1,0,1,2020,2.3235,22.4892,1.575
110,2020,15.024,6.05,5.6258,12.4278,1,1,1,2020,2.5564,23.524,1.675
110,2021,15.4213,6.03,5.7033,12.4889,1,1,1,2020,2.563,23.9213,1.775
110,2022,15.8511,6.18,5.6725,12.55,1,1,1,2020,2.5959,24.3511,1.875
111,2015,13.2099,5.65,5.5095,12.2433,1,0,0,2020,2.2389,21.7599,1.225
111,2016,13.4293,5.63,5.5953,12.3044,1,0,0,2020,2.2468,21.9793,1.325
111,2017,13.5662,5.78,5.5728,12.3656,1,0,0,2020,2.2809,22.1162,1.425
111,2018,13.8452,5.93,5.6587,12.4267,1,0,0,2020,2.3313,22.3952,1.525
111,2019,14.0375,5.91,5.6362,12.4878,1,0,1,2020,2.3229,22.5875,1.625
111,2020,15.2165,6.06,5.722,12.5489,1,1,1,2020,2.5733,23.7665,1.725
111,2021,15.4739,6.04,5.6995,12.61,1,1,1,2020,2.5649,24.0239,1.825
111,2022,15.9328,6.19,5.7853,12.6711,1,1,1,2020,2.6153,24.4828,1.925
112,2015,13.277,5.66,5.564,12.3644,1,0,0,2020,2.2496,21.877,1.275
112,2016,13.558,5.81,5.6582,12.4256,1,0,0,2020,2.3012,22.158,1.375
112,2017,13.6375,5.79,5.644,12.4867,1,0,0,2020,2.2941,22.2375,1.475
112,2018,13.9185,5.94,5.7382,12.5478,1,0,0,2020,2.3457,22.5185,1.575
112,2019,14.113,5.92,5.724,12.6089,1,0,1,2020,2.3386,22.713,1.675
112,2020,15.267,6.07,5.7098,12.67,1,1,1,2020,2.574,23.867,1.775
112,2021,15.728,6.22,5.804,12.7311,1,1,1,2020,2.6256,24.328,1.875
112,2022,15.9737,6.2,5.7348,12.67,1,1,1,2020,2.6102,24.5737,1.975
113,2015,13.3441,5.67,5.6185,12.4856,1,0,0,2020,2.2603,21.9941,1.325
113,2016,13.6273,5.82,5.721,12.5467,1,0,0,2020,2.3132,22.2773,1.425
113,2017,13.8833,5.97,5.7152,12.6078,1,0,0,2020,2.3498,22.5333,1.525
113,2018,13.9648,5.95,5.7093,12.6689,1,0,0,2020,2.3439,22.6148,1.625
113,2019,14.248,6.1,5.8118,12.73,1,0,1,2020,2.3968,22.898,1.725
113,2020,15.3445,6.08,5.806,12.7911,1,1,1,2020,2.5909,23.9945,1.825
113,2021,15.7668,6.23,5.7452,12.73,1,1,1,2020,2.6193,24.4168,1.925
113,2022,16.1704,6.21,5.8477,12.7911,1,1,1,2020,2.6297,24.8204,2.025
114,2015,13.4708,5.85,5.673,12.6067,1,0,0,2020,2.3135,22.1708,1.375
114,2016,13.6965,5.83,5.7838,12.6678,1,0,0,2020,2.3251,22.3965,1.475
114,2017,13.9546,5.98,5.7863,12.7289,1,0,0,2020,2.363,22.6546,1.575
114,2018,14.1532,5.96,5.7888,12.79,1,0,0,2020,2.3583,22.8532,1.675
114,2019,14.2963,6.11,5.7913,12.8511,1,0,1,2020,2.3962,22.9963,1.775
114,2020,15.4678,6.26,5.8472,12.79,1,1,1,2020,2.6421,24.1678,1.875
114,2021,15.8464,6.24,5.8497,12.8511,1,1,1,2020,2.6375,24.5464,1.975
114,2022,16.2845,6.39,5.8522,12.9122,1,1,1,2020,2.6753,24.9845,2.075
115,2015,13.5379,5.86,5.7275,12.7278,1,0,0,2020,2.3241,22.2879,1.425
115,2016,13.7657,5.84,5.8467,12.7889,1,0,0,2020,2.337,22.5157,1.525
115,2017,14.0259,5.99,5.8575,12.85,1,0,0,2020,2.3761,22.7759,1.625
115,2018,14.2861,6.14,5.8683,12.9111,1,0,0,2020,2.4153,23.0361,1.725
115,2019,14.473,6.12,5.8242,12.85,1,0,1,2020,2.4036,23.223,1.825
115,2020,15.5183,6.27,5.835,12.9111,1,1,1,2020,2.6428,24.2683,1.925
115,2021,15.899,6.25,5.8458,12.9722,1,1,1,2020,2.6394,24.649,2.025
115,2022,16.3663,6.4,5.965,13.0333,1,1,1,2020,2.6947,25.1163,2.125
116,2015,13.72,5.87,5.782,12.8489,1,0,0,2020,2.3348,22.52,1.475
116,2016,13.8944,6.02,5.9095,12.91,1,0,0,2020,2.3914,22.6944,1.575
116,2017,14.0972,6.0,5.9287,12.9711,1,0,0,2020,2.3893,22.8972,1.675
116,2018,14.3457,6.15,5.8928,12.91,1,0,0,2020,2.4214,23.1457,1.775
116,2019,14.5485,6.13,5.912,12.9711,1,0,1,2020,2.4193,23.3485,1.875
116,2020,15.7108,6.28,5.9312,13.0322,1,1,1,2020,2.6597,24.5108,1.975
116,2021,16.0381,6.43,5.9503,13.0933,1,1,1,2020,2.7001,24.8381,2.075
116,2022,16.4209,6.41,5.9695,13.1544,1,1,1,2020,2.6979,25.2209,2.175
117,2015,13.7871,5.88,5.8365,12.97,1,0,0,2020,2.3455,22.6371,1.525
117,2016,14.0515,6.03,5.864,13.0311,1,0,0,2020,2.3871,22.9015,1.625
117,2017,14.1276,6.01,5.8365,12.97,1,0,0,2020,2.378,22.9776,1.725
117,2018,14.392,6.16,5.864,13.0311,1,0,0,2020,2.4196,23.242,1.825
117,2019,14.6564,6.31,5.8915,13.0922,1,0,1,2020,2.4612,23.5064,1.925
117,2020,15.7613,6.29,5.919,13.1533,1,1,1,2020,2.6604,24.6113,2.025
117,2021,16.0906,6.44,5.9465,13.2144,1,1,1,2020,2.702,24.9406,2.125
117,2022,16.4755,6.42,5.974,13.2756,1,1,1,2020,2.7011,25.3255,2.225
118,2015,13.9138,6.06,5.891,13.0911,1,0,0,2020,2.3986,22.8137,1.575
118,2016,14.107,6.04,5.8718,13.03,1,0,0,2020,2.3908,23.007,1.675
118,2017,14.3734,6.19,5.9077,13.0911,1,0,0,2020,2.4337,23.2734,1.775
118,2018,14.4654,6.17,5.9435,13.1522,1,0,0,2020,2.434,23.3654,1.875
118,2019,14.7318,6.32,5.9793,13.2133,1,0,1,2020,2.4769,23.6318,1.975
118,2020,15.8388,6.3,6.0152,13.2744,1,1,1,2020,2.6773,24.7388,2.075
118,2021,16.2853,6.45,6.051,13.3356,1,1,1,2020,2.7202,25.1853,2.175
118,2022,16.6167,6.6,6.0868,13.3967,1,1,1,2020,2.763,25.5167,2.275
119,2015,13.9671,6.07,5.8905,13.09,1,0,0,2020,2.4011,22.9171,1.625
119,2016,14.1762,6.05,5.9347,13.1511,1,0,0,2020,2.4027,23.1262,1.725
119,2017,14.4447,6.2,5.9788,13.2122,1,0,0,2020,2.4468,23.3947,1.825
119,2018,14.5983,6.35,6.023,13.2733,1,0,0,2020,2.4909,23.5482,1.925
119,2019,14.8073,6.33,6.0672,13.3344,1,0,1,2020,2.4926,23.7573,2.025
119,2020,15.9758,6.48,6.1113,13.3956,1,1,1,2020,2.7367,24.9258,2.125
119,2021,16.3649,6.46,6.1555,13.4567,1,1,1,2020,2.7383,25.3149,2.225
119,2022,16.7863,6.61,6.0913,13.5178,1,1,1,2020,2.7662,25.7363,2.325
120,2015,14.0343,6.08,5.945,13.2111,1,0,0,2020,2.4118,23.0343,1.675
120,2016,14.3049,6.23,5.9975,13.2722,1,0,0,2020,2.4571,23.3049,1.775
120,2017,14.516,6.21,6.05,13.3333,1,0,0,2020,2.46,23.516,1.875
120,2018,14.7866,6.36,6.1025,13.3944,1,0,0,2020,2.5054,23.7866,1.975
120,2019,14.8828,6.34,6.155,13.4556,1,0,1,2020,2.5082,23.8828,2.075
120,2020,16.0263,6.49,6.0992,13.5167,1,1,1,2020,2.7374,25.0263,2.175
120,2021,16.4769,6.64,6.1517,13.5778,1,1,1,2020,2.7828,25.4769,2.275
120,2022,16.868,6.62,6.2042,13.6389,1,1,1,2020,2.7856,25.868,2.375
121,2015,14.1014,6.09,5.9995,13.3322,0,0,0,0,2.4224,23.1514,1.725
121,2016,14.3741,6.24,6.0603,13.3933,0,0,0,0,2.4691,23.4241,1.825
121,2017,14.5873,6.22,6.1212,13.4544,0,0,0,0,2.4732,23.6373,1.925
121,2018,14.86,6.37,6.182,13.5156,0,0,0,0,2.5198,23.91,2.025
121,2019,15.1056,6.52,6.1345,13.5767,0,0,1,0,2.5502,24.1556,2.125
121,2020,15.2038,6.5,6.1953,13.6378,0,0,1,0,2.5543,24.2538,2.225
121,2021,15.4765,6.65,6.2562,13.6989,0,0,1,0,2.6009,24.5265,2.325
121,2022,15.6627,6.63,6.2087,13.76,0,0,1,0,2.5888,24.7127,2.425
122,2015,14.2835,6.1,6.054,13.4533,0,0,0,0,2.4331,23.3835,1.775
122,2016,14.4433,6.25,6.1232,13.5144,0,0,0,0,2.481,23.5433,1.875
122,2017,14.7181,6.4,6.1923,13.5756,0,0,0,0,2.5289,23.8181,1.975
122,2018,14.9063,6.38,6.1532,13.6367,0,0,0,0,2.518,24.0063,2.075
122,2019,15.1811,6.53,6.2223,13.6978,0,0,1,0,2.5659,24.2811,2.175
122,2020,15.3964,6.51,6.2915,13.7589,0,0,1,0,2.5712,24.4964,2.275
122,2021,15.5291,6.66,6.2523,13.82,0,0,1,0,2.6029,24.6291,2.375
122,2022,15.8039,6.81,6.3215,13.8811,0,0,1,0,2.6507,24.9039,2.475
123,2015,14.4101,6.28,6.1085,13.5744,0,0,0,0,2.4863,23.5601,1.825
123,2016,14.6275,6.26,6.186,13.6356,0,0,0,0,2.4929,23.7775,1.925
123,2017,14.7894,6.41,6.2635,13.6967,0,0,0,0,2.542,23.9394,2.025
123,2018,14.9797,6.39,6.2327,13.7578,0,0,0,0,2.5324,24.1297,2.125
123,2019,15.2565,6.54,6.3102,13.8189,0,0,1,0,2.5815,24.4065,2.225
123,2020,15.5063,6.69,6.2793,13.88,0,0,1,0,2.6144,24.6563,2.325
123,2021,15.7237,6.67,6.3568,13.9411,0,0,1,0,2.621,24.8737,2.425
123,2022,15.8448,6.82,6.271,13.88,0,0,1,0,2.6457,24.9948,2.525
124,2015,14.4773,6.29,6.163,13.6956,0,0,0,0,2.497,23.6773,1.875
124,2016,14.7562,6.44,6.2488,13.7567,0,0,0,0,2.5473,23.9562,1.975
124,2017,14.9486,6.42,6.2263,13.8178,0,0,0,0,2.5389,24.1486,2.075
124,2018,15.1125,6.57,6.3122,13.8789,0,0,0,0,2.5893,24.3125,2.175
124,2019,15.3049,6.55,6.2897,13.94,0,0,1,0,2.581,24.5049,2.275
124,2020,15.5839,6.7,6.3755,14.0011,0,0,1,0,2.6313,24.7839,2.375
124,2021,15.7625,6.68,6.298,13.94,0,0,1,0,2.6147,24.9625,2.475
124,2022,15.9265,6.83,6.3838,14.0011,0,0,1,0,2.6651,25.1265,2.575
125,2015,14.5444,6.3,6.2175,13.8167,0,0,0,0,2.5076,23.7944,1.925
125,2016,14.8254,6.45,6.3117,13.8778,0,0,0,0,2.5593,24.0754,2.025
125,2017,15.0199,6.43,6.2975,13.9389,0,0,0,0,2.5521,24.2699,2.125
125,2018,15.3009,6.58,6.3917,14.0,0,0,0,0,2.6037,24.5509,2.225
125,2019,15.4399,6.73,6.3775,14.0611,0,0,1,0,2.6391,24.6899,2.325
125,2020,15.6206,6.71,6.3083,14.0,0,0,1,0,2.6238,24.8706,2.425
125,2021,15.9016,6.86,6.4025,14.0611,0,0,1,0,2.6754,25.1516,2.525
125,2022,16.0961,6.84,6.3883,14.1222,0,0,1,0,2.6683,25.3461,2.625
126,2015,14.6115,6.31,6.272,13.9378,0,0,0,0,2.5183,23.9115,1.975
126,2016,14.8946,6.46,6.3745,13.9989,0,0,0,0,2.5712,24.1946,2.075
126,2017,15.1507,6.61,6.3687,14.06,0,0,0,0,2.6078,24.4507,2.175
126,2018,15.3472,6.59,6.3628,14.1211,0,0,0,0,2.6019,24.6472,2.275
126,2019,15.5016,6.74,6.4103,14.06,0,0,1,0,2.6466,24.8016,2.375
126,2020,15.6981,6.72,6.4045,14.1211,0,0,1,0,2.6407,24.9981,2.475
126,2021,15.9542,6.87,6.3987,14.1822,0,0,1,0,2.6773,25.2542,2.575
126,2022,16.2373,7.02,6.5012,14.2433,0,0,1,0,2.7302,25.5373,2.675
127,2015,14.8531,6.49,6.3265,14.0589,0,0,0,0,2.5715,24.2031,2.025
127,2016,14.9638,6.47,6.4373,14.12,0,0,0,0,2.5831,24.3138,2.125
127,2017,15.222,6.62,6.4398,14.1811,0,0,0,0,2.621,24.572,2.225
127,2018,15.4068,6.6,6.3873,14.12,0,0,0,0,2.6081,24.7568,2.325
127,2019,15.665,6.75,6.3898,14.1811,0,0,1,0,2.646,25.015,2.425
127,2020,15.8352,6.9,6.5007,14.2422,0,0,1,0,2.7001,25.1852,2.525
127,2021,16.0338,6.88,6.5032,14.3033,0,0,1,0,2.6955,25.3838,2.625
127,2022,16.2919,7.03,6.5057,14.3644,0,0,1,0,2.7334,25.6419,2.725
128,2015,14.9203,6.5,6.381,14.18,0,0,0,0,2.5821,24.3203,2.075
128,2016,15.033,6.48,6.5002,14.2411,0,0,0,0,2.595,24.433,2.175
128,2017,15.2795,6.63,6.456,14.18,0,0,0,0,2.6259,24.6795,2.275
128,2018,15.5397,6.78,6.4668,14.2411,0,0,0,0,2.665,24.9397,2.375
128,2019,15.7404,6.76,6.4777,14.3022,0,0,1,0,2.6617,25.1404,2.475
128,2020,16.0006,6.91,6.4885,14.3633,0,0,1,0,2.7008,25.4006,2.575
128,2021,16.0863,6.89,6.4993,14.4244,0,0,1,0,2.6974,25.4863,2.675
128,2022,16.3736,7.04,6.6185,14.4856,0,0,1,0,2.7528,25.7736,2.775
129,2015,14.9874,6.51,6.4355,14.3011,0,0,0,0,2.5928,24.4374,2.125
129,2016,15.263,6.66,6.508,14.24,0,0,0,0,2.6412,24.713,2.225
129,2017,15.3508,6.64,6.5272,14.3011,0,0,0,0,2.6391,24.8008,2.325
129,2018,15.6131,6.79,6.5463,14.3622,0,0,0,0,2.6795,25.0631,2.425
129,2019,15.8159,6.77,6.5655,14.4233,0,0,1,0,2.6773,25.2659,2.525
129,2020,16.0782,6.92,6.5847,14.4844,0,0,1,0,2.7177,25.5282,2.625
129,2021,16.3405,7.07,6.6038,14.5456,0,0,1,0,2.7581,25.7905,2.725
129,2022,16.4283,7.05,6.623,14.6067,0,0,1,0,2.7559,25.8783,2.825
130,2015,15.0408,6.52,6.435,14.3,0,0,0,0,2.5953,24.5408,2.175
130,2016,15.3051,6.67,6.4625,14.3611,0,0,0,0,2.6369,24.8051,2.275
130,2017,15.5695,6.82,6.49,14.4222,0,0,0,0,2.6785,25.0695,2.375
130,2018,15.6594,6.8,6.5175,14.4833,0,0,0,0,2.6776,25.1594,2.475
130,2019,15.9238,6.95,6.545,14.5444,0,0,1,0,2.7192,25.4238,2.575
130,2020,16.1286,6.93,6.5725,14.6056,0,0,1,0,2.7184,25.6286,2.675
130,2021,16.393,7.08,6.6,14.6667,0,0,1,0,2.76,25.893,2.775
130,2022,16.5979,7.06,6.6275,14.7278,0,0,1,0,2.7591,26.0979,2.875
131,2015,15.1674,6.7,6.4895,14.4211,0,0,0,0,2.6484,24.7174,2.225
131,2016,15.3743,6.68,6.5253,14.4822,0,0,0,0,2.6488,24.9243,2.325
131,2017,15.6408,6.83,6.5612,14.5433,0,0,0,0,2.6917,25.1908,2.425
131,2018,15.8478,6.81,6.597,14.6044,0,0,0,0,2.6921,25.3978,2.525
131,2019,15.9992,6.96,6.6328,14.6656,0,0,1,0,2.7349,25.5492,2.625
131,2020,16.2657,7.11,6.6687,14.7267,0,0,1,0,2.7778,25.8157,2.725
131,2021,16.4726,7.09,6.7045,14.7878,0,0,1,0,2.7782,26.0226,2.825
131,2022,16.7391,7.24,6.7403,14.8489,0,0,1,0,2.8211,26.2891,2.925
132,2015,15.2345,6.71,6.544,14.5422,0,0,0,0,2.6591,24.8345,2.275
132,2016,15.4435,6.69,6.5882,14.6033,0,0,0,0,2.6607,25.0435,2.375
132,2017,15.7121,6.84,6.6323,14.6644,0,0,0,0,2.7048,25.3121,2.475
132,2018,15.9806,6.99,6.6765,14.7256,0,0,0,0,2.749,25.5806,2.575
132,2019,16.1897,6.97,6.7207,14.7867,0,0,1,0,2.7506,25.7897,2.675
132,2020,16.3432,7.12,6.7648,14.8478,0,0,1,0,2.7947,25.9432,2.775
132,2021,16.5523,7.1,6.809,14.9089,0,0,1,0,2.7963,26.1523,2.875
132,2022,16.7937,7.25,6.7448,14.97,0,0,1,0,2.8242,26.3937,2.975
133,2015,15.4166,6.72,6.5985,14.6633,0,0,0,0,2.6698,25.0666,2.325
133,2016,15.5723,6.87,6.651,14.7244,0,0,0,0,2.7151,25.2223,2.425
133,2017,15.7834,6.85,6.7035,14.7856,0,0,0,0,2.718,25.4334,2.525
133,2018,16.054,7.0,6.756,14.8467,0,0,0,0,2.7634,25.704,2.625
133,2019,16.2651,6.98,6.8085,14.9078,0,0,1,0,2.7663,25.9151,2.725
133,2020,16.3937,7.13,6.7527,14.9689,0,0,1,0,2.7954,26.0437,2.825
133,2021,16.6643,7.28,6.8052,15.03,0,0,1,0,2.8408,26.3143,2.925
133,2022,16.8754,7.26,6.8577,15.0911,0,0,1,0,2.8437,26.5254,3.025
134,2015,15.4838,6.73,6.653,14.7844,0,0,0,0,2.6804,25.1837,2.375
134,2016,15.7565,6.88,6.7138,14.8456,0,0,0,0,2.7271,25.4565,2.475
134,2017,15.8547,6.86,6.7747,14.9067,0,0,0,0,2.7312,25.5547,2.575
134,2018,16.1274,7.01,6.8355,14.9678,0,0,0,0,2.7778,25.8274,2.675
134,2019,16.373,7.16,6.788,15.0289,0,0,1,0,2.8082,26.073,2.775
134,2020,16.5862,7.14,6.8488,15.09,0,0,1,0,2.8123,26.2862,2.875
134,2021,16.7439,7.29,6.9097,15.1511,0,0,1,0,2.859,26.4439,2.975
134,2022,16.9163,7.27,6.8072,15.09,0,0,1,0,2.8386,26.6163,3.075
135,2015,15.6104,6.91,6.7075,14.9056,0,0,0,0,2.7336,25.3604,2.425
135,2016,15.8257,6.89,6.7767,14.9667,0,0,0,0,2.739,25.5757,2.525
135,2017,15.9855,7.04,6.8458,15.0278,0,0,0,0,2.7869,25.7355,2.625
135,2018,16.1737,7.02,6.8067,15.0889,0,0,0,0,2.776,25.9237,2.725
135,2019,16.4485,7.17,6.8758,15.15,0,0,1,0,2.8239,26.1985,2.825
135,2020,16.6638,7.15,6.945,15.2111,0,0,1,0,2.8293,26.4138,2.925
135,2021,16.8977,7.3,6.8508,15.15,0,0,1,0,2.8526,26.6477,3.025
135,2022,17.0575,7.45,6.92,15.2111,0,0,1,0,2.9005,26.8075,3.125
136,2015,15.6775,6.92,6.762,15.0267,0,0,0,0,2.7443,25.4775,2.475
136,2016,15.8949,6.9,6.8395,15.0878,0,0,0,0,2.7509,25.6949,2.575
136,2017,16.1717,7.05,6.917,15.1489,0,0,0,0,2.8001,25.9718,2.675
136,2018,16.3065,7.2,6.8862,15.21,0,0,0,0,2.8329,26.1065,2.775
136,2019,16.5239,7.18,6.9637,15.2711,0,0,1,0,2.8396,26.3239,2.875
136,2020,16.76,7.33,6.8778,15.21,0,0,1,0,2.8642,26.56,2.975
136,2021,16.9773,7.31,6.9553,15.2711,0,0,1,0,2.8708,26.7773,3.075
136,2022,17.2271,7.46,6.9245,15.3322,0,0,1,0,2.9037,27.0271,3.175
137,2015,15.7446,6.93,6.8165,15.1478,0,0,0,0,2.755,25.5946,2.525
137,2016,16.0236,7.08,6.9023,15.2089,0,0,0,0,2.8054,25.8736,2.625
137,2017,16.216,7.06,6.8798,15.27,0,0,0,0,2.797,26.066,2.725
137,2018,16.4949,7.21,6.9657,15.3311,0,0,0,0,2.8474,26.3449,2.825
137,2019,16.5585,7.19,6.8882,15.27,0,0,1,0,2.8307,26.4085,2.925
137,2020,16.8375,7.34,6.974,15.3311,0,0,1,0,2.8811,26.6875,3.025
137,2021,17.0894,7.49,6.9515,15.3922,0,0,1,0,2.9152,26.9394,3.125
137,2022,17.3088,7.47,7.0373,15.4533,0,0,1,0,2.9231,27.1588,3.225
138,2015,15.8118,6.94,6.871,15.2689,0,0,0,0,2.7656,25.7118,2.575
138,2016,16.0928,7.09,6.9652,15.33,0,0,0,0,2.8173,25.9928,2.675
138,2017,16.2872,7.07,6.951,15.3911,0,0,0,0,2.8102,26.1872,2.775
138,2018,16.5545,7.22,6.9902,15.33,0,0,0,0,2.8535,26.4545,2.875
138,2019,16.8085,7.37,6.976,15.3911,0,0,1,0,2.8889,26.7085,2.975
138,2020,16.888,7.35,6.9618,15.4522,0,0,1,0,2.8818,26.788,3.075
138,2021,17.169,7.5,7.056,15.5133,0,0,1,0,2.9334,27.069,3.175
138,2022,17.3635,7.48,7.0418,15.5744,0,0,1,0,2.9263,27.2635,3.275
139,2015,15.9939,6.95,6.9255,15.39,0,0,0,0,2.7763,25.9439,2.625
139,2016,16.162,7.1,7.028,15.4511,0,0,0,0,2.8292,26.112,2.725
139,2017,16.4043,7.25,6.9672,15.39,0,0,0,0,2.8576,26.3543,2.825
139,2018,16.6008,7.23,6.9613,15.4511,0,0,0,0,2.8517,26.5508,2.925
139,2019,16.884,7.38,7.0638,15.5122,0,0,1,0,2.9046,26.834,3.025
139,2020,17.0805,7.36,7.058,15.5733,0,0,1,0,2.8987,27.0305,3.125
139,2021,17.2215,7.51,7.0522,15.6344,0,0,1,0,2.9353,27.1715,3.225
139,2022,17.5047,7.66,7.1547,15.6956,0,0,1,0,2.9882,27.4547,3.325
140,2015,16.1205,7.13,6.98,15.5111,0,0,0,0,2.8295,26.1205,2.675
140,2016,16.3325,7.11,7.0358,15.45,0,0,0,0,2.8329,26.3325,2.775
140,2017,16.4756,7.26,7.0383,15.5111,0,0,0,0,2.8708,26.4756,2.875
140,2018,16.6742,7.24,7.0408,15.5722,0,0,0,0,2.8661,26.6742,2.975
140,2019,16.9323,7.39,7.0433,15.6333,0,0,1,0,2.904,26.9323,3.075
140,2020,17.2175,7.54,7.1542,15.6944,0,0,1,0,2.9581,27.2175,3.175
140,2021,17.3012,7.52,7.1567,15.7556,0,0,1,0,2.9535,27.3012,3.275
140,2022,17.5593,7.67,7.1592,15.8167,0,0,1,0,2.9914,27.5593,3.375
141,2015,16.1739,7.14,6.9795,15.51,0,0,0,0,2.8319,26.2239,2.725
141,2016,16.4612,7.29,7.0987,15.5711,0,0,0,0,2.8873,26.5112,2.825
141,2017,16.6619,7.27,7.1095,15.6322,0,0,0,0,2.8839,26.7119,2.925
141,2018,16.8071,7.42,7.1203,15.6933,0,0,0,0,2.923,26.8571,3.025
141,2019,17.0078,7.4,7.1312,15.7544,0,0,1,0,2.9197,27.0578,3.125
141,2020,17.268,7.55,7.142,15.8156,0,0,1,0,2.9588,27.318,3.225
141,2021,17.4687,7.53,7.1528,15.8767,0,0,1,0,2.9554,27.5187,3.325
141,2022,17.641,7.68,7.272,15.9378,0,0,1,0,3.0108,27.691,3.425
142,2015,16.241,7.15,7.034,15.6311,0,0,0,0,2.8426,26.341,2.775
142,2016,16.5304,7.3,7.1615,15.6922,0,0,0,0,2.8992,26.6304,2.875
142,2017,16.7332,7.28,7.1807,15.7533,0,0,0,0,2.8971,26.8332,2.975
142,2018,16.8805,7.43,7.1998,15.8144,0,0,0,0,2.9375,26.9805,3.075
142,2019,17.1427,7.58,7.219,15.8756,0,0,1,0,2.9779,27.2428,3.175
142,2020,17.3455,7.56,7.2382,15.9367,0,0,1,0,2.9757,27.4455,3.275
142,2021,17.6078,7.71,7.2573,15.9978,0,0,1,0,3.0161,27.7078,3.375
142,2022,17.8106,7.69,7.2765,16.0589,0,0,1,0,3.014,27.9106,3.475
143,2015,16.3081,7.16,7.0885,15.7522,0,0,0,0,2.8533,26.4581,2.825
143,2016,16.5725,7.31,7.116,15.8133,0,0,0,0,2.8949,26.7225,2.925
143,2017,16.8369,7.46,7.1435,15.8744,0,0,0,0,2.9365,26.9869,3.025
143,2018,17.0418,7.44,7.171,15.9356,0,0,0,0,2.9356,27.1917,3.125
143,2019,17.1911,7.59,7.1985,15.9967,0,0,1,0,2.9773,27.3411,3.225
143,2020,17.396,7.57,7.226,16.0578,0,0,1,0,2.9764,27.546,3.325
143,2021,17.6604,7.72,7.2535,16.1189,0,0,1,0,3.018,27.8104,3.425
143,2022,17.9248,7.87,7.281,16.18,0,0,1,0,3.0597,28.0748,3.525
144,2015,16.4348,7.34,7.143,15.8733,0,0,0,0,2.9064,26.6348,2.875
144,2016,16.6417,7.32,7.1788,15.9344,0,0,0,0,2.9068,26.8417,2.975
144,2017,16.9082,7.47,7.2147,15.9956,0,0,0,0,2.9497,27.1082,3.075
144,2018,17.1151,7.45,7.2505,16.0567,0,0,0,0,2.9501,27.3151,3.175
144,2019,17.3816,7.6,7.2863,16.1178,0,0,1,0,2.9929,27.5816,3.275
144,2020,17.533,7.75,7.3222,16.1789,0,0,1,0,3.0358,27.733,3.375
144,2021,17.74,7.73,7.358,16.24,0,0,1,0,3.0362,27.94,3.475
144,2022,18.0065,7.88,7.3938,16.3011,0,0,1,0,3.0791,28.2065,3.575
145,2015,16.6169,7.35,7.1975,15.9944,0,0,0,0,2.9171,26.8669,2.925
145,2016,16.7109,7.33,7.2417,16.0556,0,0,0,0,2.9188,26.9609,3.025
145,2017,16.9795,7.48,7.2858,16.1167,0,0,0,0,2.9629,27.2295,3.125
145,2018,17.248,7.63,7.33,16.1778,0,0,0,0,3.007,27.498,3.225
145,2019,17.457,7.61,7.3742,16.2389,0,0,1,0,3.0086,27.707,3.325
145,2020,17.7256,7.76,7.4183,16.3,0,0,1,0,3.0528,27.9756,3.425
145,2021,17.8196,7.74,7.4625,16.3611,0,0,1,0,3.0544,28.0696,3.525
145,2022,18.0473,7.89,7.3433,16.3,0,0,1,0,3.074,28.2973,3.625
146,2015,16.684,7.36,7.252,16.1156,0,0,0,0,2.9278,26.984,2.975
146,2016,16.9546,7.51,7.3045,16.1767,0,0,0,0,2.9732,27.2546,3.075
146,2017,17.0508,7.49,7.357,16.2378,0,0,0,0,2.9761,27.3508,3.175
146,2018,17.3214,7.64,7.4095,16.2989,0,0,0,0,3.0214,27.6214,3.275
146,2019,17.5325,7.62,7.462,16.36,0,0,1,0,3.0243,27.8325,3.375
146,2020,17.776,7.77,7.4062,16.4211,0,0,1,0,3.0534,28.076,3.475
146,2021,18.0329,7.92,7.4037,16.36,0,0,1,0,3.0906,28.3329,3.575
146,2022,18.129,7.9,7.4562,16.4211,0,0,1,0,3.0934,28.429,3.675
147,2015,16.7511,7.37,7.3065,16.2367,0,0,0,0,2.9385,27.1011,3.025
147,2016,17.0238,7.52,7.3673,16.2978,0,0,0,0,2.9851,27.3738,3.125
147,2017,17.2965,7.67,7.4282,16.3589,0,0,0,0,3.0317,27.6465,3.225
147,2018,17.3948,7.65,7.489,16.42,0,0,0,0,3.0358,27.7448,3.325
147,2019,17.6404,7.8,7.4415,16.4811,0,0,1,0,3.0662,27.9904,3.425
147,2020,17.8398,7.78,7.4473,16.42,0,0,1,0,3.0621,28.1898,3.525
147,2021,18.1125,7.93,7.5082,16.4811,0,0,1,0,3.1087,28.4625,3.625
147,2022,18.1837,7.91,7.4607,16.5422,0,0,1,0,3.0966,28.5337,3.725
148,2015,16.8778,7.55,7.361,16.3578,0,0,0,0,2.9917,27.2778,3.075
148,2016,17.093,7.53,7.4302,16.4189,0,0,0,0,2.997,27.493,3.175
148,2017,17.3678,7.68,7.4993,16.48,0,0,0,0,3.0449,27.7678,3.275
148,2018,17.556,7.66,7.4602,16.5411,0,0,0,0,3.034,27.956,3.375
148,2019,17.7021,7.81,7.4743,16.48,0,0,1,0,3.0737,28.1021,3.475
148,2020,17.9769,7.96,7.5435,16.5411,0,0,1,0,3.1215,28.3769,3.575
148,2021,18.1651,7.94,7.5043,16.6022,0,0,1,0,3.1107,28.5651,3.675
148,2022,18.4399,8.09,7.5735,16.6633,0,0,1,0,3.1585,28.8399,3.775
149,2015,16.9449,7.56,7.4155,16.4789,0,0,0,0,3.0023,27.3949,3.125
149,2016,17.1623,7.54,7.493,16.54,0,0,0,0,3.009,27.6122,3.225
149,2017,17.4391,7.69,7.5705,16.6011,0,0,0,0,3.0581,27.8891,3.325
149,2018,17.6752,7.84,7.4847,16.54,0,0,0,0,3.0827,28.1252,3.425
149,2019,17.7775,7.82,7.5622,16.6011,0,0,1,0,3.0893,28.2275,3.525
149,2020,18.0273,7.97,7.5313,16.6622,0,0,1,0,3.1222,28.4773,3.625
149,2021,18.2447,7.95,7.6088,16.7233,0,0,1,0,3.1288,28.6947,3.725
149,2022,18.4945,8.1,7.578,16.7844,0,0,1,0,3.1617,28.9445,3.825
150,2015,17.127,7.57,7.47,16.6,0,0,0,0,3.013,27.627,3.175
150,2016,17.291,7.72,7.5558,16.6611,0,0,0,0,3.0634,27.791,3.275
150,2017,17.4696,7.7,7.4783,16.6,0,0,0,0,3.0468,27.9696,3.375
150,2018,17.7485,7.85,7.5642,16.6611,0,0,0,0,3.0971,28.2485,3.475
150,2019,17.9409,7.83,7.5417,16.7222,0,0,1,0,3.0888,28.4409,3.575
150,2020,18.1049,7.98,7.6275,16.7833,0,0,1,0,3.1391,28.6049,3.675
150,2021,18.3568,8.13,7.605,16.8444,0,0,1,0,3.1733,28.8568,3.775
150,2022,18.5762,8.11,7.6908,16.9056,0,0,1,0,3.1811,29.0762,3.875
151,2015,17.1941,7.58,7.5245,16.7211,0,0,0,0,3.0237,27.7441,3.225
151,2016,17.3464,7.73,7.5637,16.66,0,0,0,0,3.0671,27.8964,3.325
151,2017,17.5409,7.71,7.5495,16.7211,0,0,0,0,3.0599,28.0909,3.425
151,2018,17.8219,7.86,7.6437,16.7822,0,0,0,0,3.1116,28.3719,3.525
151,2019,18.0759,8.01,7.6295,16.8433,0,0,1,0,3.1469,28.6259,3.625
151,2020,18.2703,7.99,7.6153,16.9044,0,0,1,0,3.1398,28.8203,3.725
151,2021,18.4364,8.14,7.7095,16.9656,0,0,1,0,3.1914,28.9864,3.825
151,2022,18.6308,8.12,7.6953,17.0267,0,0,1,0,3.1843,29.1808,3.925
152,2015,17.307,7.76,7.524,16.72,0,0,0,0,3.0686,27.907,3.275
152,2016,17.5306,7.74,7.6265,16.7811,0,0,0,0,3.079,28.1306,3.375
152,2017,17.6717,7.89,7.6207,16.8422,0,0,0,0,3.1156,28.2717,3.475
152,2018,17.8682,7.87,7.6148,16.9033,0,0,0,0,3.1097,28.4682,3.575
152,2019,18.1513,8.02,7.7173,16.9644,0,0,1,0,3.1626,28.7513,3.675
152,2020,18.3479,8.0,7.7115,17.0256,0,0,1,0,3.1567,28.9479,3.775
152,2021,18.6039,8.15,7.7057,17.0867,0,0,1,0,3.1934,29.2039,3.875
152,2022,18.772,8.3,7.8082,17.1478,0,0,1,0,3.2462,29.372,3.975
153,2015,17.3741,7.77,7.5785,16.8411,0,0,0,0,3.0793,28.0241,3.325
153,2016,17.5998,7.75,7.6893,16.9022,0,0,0,0,3.0909,28.2498,3.425
153,2017,17.858,7.9,7.6918,16.9633,0,0,0,0,3.1288,28.508,3.525
153,2018,18.0011,8.05,7.6943,17.0244,0,0,0,0,3.1667,28.6511,3.625
153,2019,18.1997,8.03,7.6968,17.0856,0,0,1,0,3.162,28.8497,3.725
153,2020,18.4849,8.18,7.8077,17.1467,0,0,1,0,3.2162,29.1349,3.825
153,2021,18.6835,8.16,7.8102,17.2078,0,0,1,0,3.2115,29.3335,3.925
153,2022,18.9417,8.31,7.8127,17.2689,0,0,1,0,3.2494,29.5917,4.025
154,2015,17.4413,7.78,7.633,16.9622,0,0,0,0,3.0899,28.1412,3.375
154,2016,17.7285,7.93,7.7522,17.0233,0,0,0,0,3.1453,28.4285,3.475
154,2017,17.9292,7.91,7.763,17.0844,0,0,0,0,3.142,28.6292,3.575
154,2018,18.1895,8.06,7.7738,17.1456,0,0,0,0,3.1811,28.8895,3.675
154,2019,18.2752,8.04,7.7847,17.2067,0,0,1,0,3.1777,28.9752,3.775
154,2020,18.5354,8.19,7.7955,17.2678,0,0,1,0,3.2168,29.2354,3.875
154,2021,18.7956,8.34,7.8063,17.3289,0,0,1,0,3.256,29.4956,3.975
154,2022,19.0234,8.32,7.9255,17.39,0,0,1,0,3.2688,29.7234,4.075
155,2015,17.5084,7.79,7.6875,17.0833,0,0,0,0,3.1006,28.2584,3.425
155,2016,17.7978,7.94,7.815,17.1444,0,0,0,0,3.1573,28.5478,3.525
155,2017,18.0005,7.92,7.8342,17.2056,0,0,0,0,3.1551,28.7505,3.625
155,2018,18.2628,8.07,7.8533,17.2667,0,0,0,0,3.1955,29.0128,3.725
155,2019,18.5251,8.22,7.8725,17.3278,0,0,1,0,3.2359,29.2751,3.825
155,2020,18.6129,8.2,7.8917,17.3889,0,0,1,0,3.2338,29.3629,3.925
155,2021,18.8752,8.35,7.9108,17.45,0,0,1,0,3.2741,29.6252,4.025
155,2022,19.078,8.33,7.93,17.5111,0,0,1,0,3.272,29.828,4.125
156,2015,17.6905,7.8,7.742,17.2044,0,0,0,0,3.1113,28.4905,3.475
156,2016,17.8399,7.95,7.7695,17.2656,0,0,0,0,3.1529,28.6399,3.575
156,2017,18.1043,8.1,7.797,17.3267,0,0,0,0,3.1946,28.9043,3.675
156,2018,18.3091,8.08,7.8245,17.3878,0,0,0,0,3.1937,29.1091,3.775
156,2019,18.5735,8.23,7.852,17.4489,0,0,1,0,3.2353,29.3735,3.875
156,2020,18.6634,8.21,7.8795,17.51,0,0,1,0,3.2344,29.4634,3.975
156,2021,18.9277,8.36,7.907,17.5711,0,0,1,0,3.2761,29.7278,4.075
156,2022,19.1784,8.51,7.8795,17.51,0,0,1,0,3.3094,29.9784,4.175
157,2015,17.8171,7.98,7.7965,17.3256,0,0,0,0,3.1645,28.6671,3.525
157,2016,18.0241,7.96,7.8323,17.3867,0,0,0,0,3.1649,28.8741,3.625
157,2017,18.1755,8.11,7.8682,17.4478,0,0,0,0,3.2077,29.0255,3.725
157,2018,18.3825,8.09,7.904,17.5089,0,0,0,0,3.2081,29.2325,3.825
157,2019,18.649,8.24,7.9398,17.57,0,0,1,0,3.251,29.499,3.925
157,2020,18.9154,8.39,7.9757,17.6311,0,0,1,0,3.2938,29.7654,4.025
157,2021,18.9936,8.37,7.9565,17.57,0,0,1,0,3.286,29.8436,4.125
157,2022,19.2601,8.52,7.9923,17.6311,0,0,1,0,3.3289,30.1101,4.225
158,2015,17.8843,7.99,7.851,17.4467,0,0,0,0,3.1751,28.7843,3.575
158,2016,18.1528,8.14,7.8952,17.5078,0,0,0,0,3.2193,29.0528,3.675
158,2017,18.2468,8.12,7.9393,17.5689,0,0,0,0,3.2209,29.1468,3.775
158,2018,18.5154,8.27,7.9835,17.63,0,0,0,0,3.265,29.4154,3.875
158,2019,18.7244,8.25,8.0277,17.6911,0,0,1,0,3.2667,29.6244,3.975
158,2020,18.9792,8.4,8.0168,17.63,0,0,1,0,3.3025,29.8792,4.075
158,2021,19.1883,8.38,8.061,17.6911,0,0,1,0,3.3042,30.0883,4.175
158,2022,19.3147,8.53,7.9968,17.7522,0,0,1,0,3.332,30.2147,4.275
159,2015,17.9514,8.0,7.9055,17.5678,0,0,0,0,3.1858,28.9014,3.625
159,2016,18.222,8.15,7.958,17.6289,0,0,0,0,3.2312,29.172,3.725
159,2017,18.4331,8.13,8.0105,17.69,0,0,0,0,3.2341,29.3831,3.825
159,2018,18.5888,8.28,8.063,17.7511,0,0,0,0,3.2794,29.5388,3.925
159,2019,18.8456,8.43,8.0605,17.69,0,0,1,0,3.3166,29.7956,4.025
159,2020,19.0297,8.41,8.0047,17.7511,0,0,1,0,3.3032,29.9797,4.125
159,2021,19.3003,8.56,8.0572,17.8122,0,0,1,0,3.3486,30.2503,4.225
159,2022,19.5114,8.54,8.1097,17.8733,0,0,1,0,3.3514,30.4614,4.325
160,2015,18.0185,8.01,7.96,17.6889,0,0,0,0,3.1965,29.0185,3.675
160,2016,18.2912,8.16,8.0208,17.75,0,0,0,0,3.2431,29.2912,3.775
160,2017,18.5639,8.31,8.0817,17.8111,0,0,0,0,3.2898,29.5639,3.875
160,2018,18.7634,8.29,8.0875,17.75,0,0,0,0,3.2856,29.7634,3.975
160,2019,18.894,8.44,8.04,17.8111,0,0,1,0,3.316,29.894,4.075
160,2020,19.1072,8.42,8.1008,17.8722,0,0,1,0,3.3201,30.1072,4.175
160,2021,19.3799,8.57,8.1617,17.9333,0,0,1,0,3.3668,30.3799,4.275
160,2022,19.6255,8.72,8.1142,17.9944,0,0,1,0,3.3971,30.6255,4.375
